run_id,window_id,simulation_start,simulation_end,gt_degradation_type,gt_target_component,gt_active_severity,gt_current_health,gt_is_degraded,predicted_fault,confidence,runner_up_fault,runner_up_confidence,margin,true_fault
BEARING_SEV080,BEARING_SEV080_W0000,0.0,4.99,BEARING,BEARING,0.8,0.1999999999999999,True,BEARING,0.938340917417493,CYLINDER,0.06165908258250694,0.8766818348349861,BEARING
BEARING_SEV080,BEARING_SEV080_W0001,1.0,5.99,BEARING,BEARING,0.8,0.1999999999999999,True,BEARING,0.9376070336391437,CYLINDER,0.062392966360856277,0.8752140672782874,BEARING
BEARING_SEV080,BEARING_SEV080_W0002,2.0,6.99,BEARING,BEARING,0.8,0.1999999999999999,True,BEARING,0.9250611620795106,CYLINDER,0.0749388379204893,0.8501223241590213,BEARING
BEARING_SEV080,BEARING_SEV080_W0003,3.0,7.99,BEARING,BEARING,0.8,0.1999999999999999,True,BEARING,0.9272674658044391,CYLINDER,0.07273253419556093,0.8545349316088782,BEARING
BEARING_SEV080,BEARING_SEV080_W0004,4.0,8.99,BEARING,BEARING,0.8,0.1999999999999999,True,BEARING,0.9272674658044391,CYLINDER,0.07273253419556093,0.8545349316088782,BEARING
BEARING_SEV080,BEARING_SEV080_W0005,5.0,9.99,BEARING,BEARING,0.8,0.1999999999999999,True,BEARING,0.9272674658044391,CYLINDER,0.07273253419556093,0.8545349316088782,BEARING
BEARING_SEV080,BEARING_SEV080_W0006,6.0,10.99,BEARING,BEARING,0.8,0.1999999999999999,True,BEARING,0.9668494253222326,CYLINDER,0.033150574677767525,0.9336988506444651,BEARING
BEARING_SEV080,BEARING_SEV080_W0007,7.0,11.99,BEARING,BEARING,0.8,0.1999999999999999,True,BEARING,0.8320646664818546,CYLINDER,0.16793533351814538,0.6641293329637092,BEARING
BEARING_SEV080,BEARING_SEV080_W0008,8.0,12.99,BEARING,BEARING,0.8,0.1999999999999999,True,BEARING,0.8308673484741919,CYLINDER,0.16913265152580823,0.6617346969483836,BEARING
BEARING_SEV080,BEARING_SEV080_W0009,9.0,13.99,BEARING,BEARING,0.8,0.1999999999999999,True,BEARING,0.8320646664818546,CYLINDER,0.16793533351814538,0.6641293329637092,BEARING
BEARING_SEV080,BEARING_SEV080_W0010,10.0,14.99,BEARING,BEARING,0.8,0.1999999999999999,True,BEARING,0.8408843990178407,CYLINDER,0.1591156009821593,0.6817687980356815,BEARING
BEARING_SEV080,BEARING_SEV080_W0011,11.0,15.99,BEARING,BEARING,0.8,0.1999999999999999,True,BEARING,0.8344907442828957,CYLINDER,0.16550925571710437,0.6689814885657913,BEARING
BEARING_SEV080,BEARING_SEV080_W0012,12.0,16.990000000000002,BEARING,BEARING,0.8,0.1999999999999999,True,BEARING,0.9398086127740131,CYLINDER,0.060191387225986805,0.8796172255480262,BEARING
BEARING_SEV080,BEARING_SEV080_W0013,13.0,17.990000000000002,BEARING,BEARING,0.8,0.1999999999999999,True,BEARING,0.9542385212938155,CYLINDER,0.04242814537285117,0.9118103759209644,BEARING
BEARING_SEV080,BEARING_SEV080_W0014,14.0,18.99,BEARING,BEARING,0.8,0.1999999999999999,True,BEARING,0.9912815154604144,CYLINDER,0.008718484539585456,0.982563030920829,BEARING
BEARING_SEV080,BEARING_SEV080_W0015,15.0,19.99,BEARING,BEARING,0.8,0.1999999999999999,True,BEARING,0.9956851851851851,CYLINDER,0.004314814814814815,0.9913703703703703,BEARING
BEARING_SEV080,BEARING_SEV080_W0016,16.0,20.99,BEARING,BEARING,0.8,0.1999999999999999,True,BEARING,0.9990185185185184,CYLINDER,0.0009814814814814816,0.998037037037037,BEARING
BEARING_SEV080,BEARING_SEV080_W0017,17.0,21.99,BEARING,BEARING,0.8,0.1999999999999999,True,BEARING,1.0,COOLING,0.0,1.0,BEARING
BEARING_SEV080,BEARING_SEV080_W0018,18.0,22.99,BEARING,BEARING,0.8,0.1999999999999999,True,BEARING,0.9966666666666667,CYLINDER,0.0033333333333333335,0.9933333333333334,BEARING
BEARING_SEV080,BEARING_SEV080_W0019,19.0,23.99,BEARING,BEARING,0.8,0.1999999999999999,True,BEARING,0.9966666666666667,CYLINDER,0.0033333333333333335,0.9933333333333334,BEARING
BEARING_SEV080,BEARING_SEV080_W0020,20.0,24.99,BEARING,BEARING,0.8,0.1999999999999999,True,BEARING,0.9933333333333333,COOLING,0.0033333333333333335,0.99,BEARING
BEARING_SEV080,BEARING_SEV080_W0021,21.0,25.99,BEARING,BEARING,0.8,0.1999999999999999,True,BEARING,0.9966666666666667,CYLINDER,0.0033333333333333335,0.9933333333333334,BEARING
BEARING_SEV080,BEARING_SEV080_W0022,22.0,26.99,BEARING,BEARING,0.8,0.1999999999999999,True,BEARING,1.0,COOLING,0.0,1.0,BEARING
BEARING_SEV080,BEARING_SEV080_W0023,23.0,27.99,BEARING,BEARING,0.8,0.1999999999999999,True,BEARING,1.0,COOLING,0.0,1.0,BEARING
BEARING_SEV080,BEARING_SEV080_W0024,24.0,28.99,BEARING,BEARING,0.8,0.1999999999999999,True,BEARING,1.0,COOLING,0.0,1.0,BEARING
BEARING_SEV080,BEARING_SEV080_W0025,25.0,29.99,BEARING,BEARING,0.8,0.1999999999999999,True,BEARING,1.0,COOLING,0.0,1.0,BEARING
BEARING_SEV080,BEARING_SEV080_W0026,26.0,30.99,BEARING,BEARING,0.8,0.1999999999999999,True,BEARING,1.0,COOLING,0.0,1.0,BEARING
BEARING_SEV080,BEARING_SEV080_W0027,27.0,31.99,BEARING,BEARING,0.8,0.1999999999999999,True,BEARING,1.0,COOLING,0.0,1.0,BEARING
BEARING_SEV080,BEARING_SEV080_W0028,28.0,32.99,BEARING,BEARING,0.8,0.1999999999999999,True,BEARING,1.0,COOLING,0.0,1.0,BEARING
BEARING_SEV080,BEARING_SEV080_W0029,29.0,33.99,BEARING,BEARING,0.8,0.1999999999999999,True,BEARING,1.0,COOLING,0.0,1.0,BEARING
BEARING_SEV080,BEARING_SEV080_W0030,30.0,34.99,BEARING,BEARING,0.8,0.1999999999999999,True,BEARING,0.9983297947629158,CYLINDER,0.001670205237084218,0.9966595895258317,BEARING
BEARING_SEV080,BEARING_SEV080_W0031,31.0,35.99,BEARING,BEARING,0.8,0.1999999999999999,True,BEARING,1.0,COOLING,0.0,1.0,BEARING
BEARING_SEV080,BEARING_SEV080_W0032,32.0,36.99,BEARING,BEARING,0.8,0.1999999999999999,True,BEARING,1.0,COOLING,0.0,1.0,BEARING
BEARING_SEV080,BEARING_SEV080_W0033,33.0,37.99,BEARING,BEARING,0.8,0.1999999999999999,True,BEARING,0.9966666666666667,CYLINDER,0.0033333333333333335,0.9933333333333334,BEARING
BEARING_SEV080,BEARING_SEV080_W0034,34.0,38.99,BEARING,BEARING,0.8,0.1999999999999999,True,BEARING,0.9966666666666667,CYLINDER,0.0033333333333333335,0.9933333333333334,BEARING
BEARING_SEV080,BEARING_SEV080_W0035,35.0,39.99,BEARING,BEARING,0.8,0.1999999999999999,True,BEARING,1.0,COOLING,0.0,1.0,BEARING
BEARING_SEV080,BEARING_SEV080_W0036,36.0,40.99,BEARING,BEARING,0.8,0.1999999999999999,True,BEARING,1.0,COOLING,0.0,1.0,BEARING
BEARING_SEV080,BEARING_SEV080_W0037,37.0,41.99,BEARING,BEARING,0.8,0.1999999999999999,True,BEARING,1.0,COOLING,0.0,1.0,BEARING
BEARING_SEV080,BEARING_SEV080_W0038,38.0,42.99,BEARING,BEARING,0.8,0.1999999999999999,True,BEARING,1.0,COOLING,0.0,1.0,BEARING
BEARING_SEV080,BEARING_SEV080_W0039,39.0,43.99,BEARING,BEARING,0.8,0.1999999999999999,True,BEARING,0.9966666666666667,CYLINDER,0.0033333333333333335,0.9933333333333334,BEARING
BEARING_SEV080,BEARING_SEV080_W0040,40.0,44.99,BEARING,BEARING,0.8,0.1999999999999999,True,BEARING,0.9966666666666667,CYLINDER,0.0033333333333333335,0.9933333333333334,BEARING
BEARING_SEV080,BEARING_SEV080_W0041,41.0,45.99,BEARING,BEARING,0.8,0.1999999999999999,True,BEARING,0.9966666666666667,CYLINDER,0.0033333333333333335,0.9933333333333334,BEARING
BEARING_SEV080,BEARING_SEV080_W0042,42.0,46.99,BEARING,BEARING,0.8,0.1999999999999999,True,BEARING,0.9966666666666667,CYLINDER,0.0033333333333333335,0.9933333333333334,BEARING
BEARING_SEV080,BEARING_SEV080_W0043,43.0,47.99,BEARING,BEARING,0.8,0.1999999999999999,True,BEARING,0.9966666666666667,CYLINDER,0.0033333333333333335,0.9933333333333334,BEARING
BEARING_SEV080,BEARING_SEV080_W0044,44.0,48.99,BEARING,BEARING,0.8,0.1999999999999999,True,BEARING,1.0,COOLING,0.0,1.0,BEARING
BEARING_SEV080,BEARING_SEV080_W0045,45.0,49.99,BEARING,BEARING,0.8,0.1999999999999999,True,BEARING,0.9933333333333333,CYLINDER,0.0033333333333333335,0.99,BEARING
BEARING_SEV080,BEARING_SEV080_W0046,46.0,50.99,BEARING,BEARING,0.8,0.1999999999999999,True,BEARING,0.9982710622710622,CYLINDER,0.0017289377289377288,0.9965421245421245,BEARING
BEARING_SEV080,BEARING_SEV080_W0047,47.0,51.99,BEARING,BEARING,0.8,0.1999999999999999,True,BEARING,0.9882710622710622,CYLINDER,0.011728937728937728,0.9765421245421245,BEARING
BEARING_SEV080,BEARING_SEV080_W0048,48.0,52.99,BEARING,BEARING,0.8,0.1999999999999999,True,BEARING,0.9882710622710622,CYLINDER,0.011728937728937728,0.9765421245421245,BEARING
BEARING_SEV080,BEARING_SEV080_W0049,49.0,53.99,BEARING,BEARING,0.8,0.1999999999999999,True,BEARING,0.9872895807895808,CYLINDER,0.01271041921041921,0.9745791615791617,BEARING
BEARING_SEV080,BEARING_SEV080_W0050,50.0,54.99,BEARING,BEARING,0.8,0.1999999999999999,True,BEARING,0.9890185185185184,CYLINDER,0.010981481481481481,0.9780370370370369,BEARING
BEARING_SEV080,BEARING_SEV080_W0051,51.0,55.99,BEARING,BEARING,0.8,0.1999999999999999,True,BEARING,0.9890185185185184,CYLINDER,0.010981481481481481,0.9780370370370369,BEARING
BEARING_SEV080,BEARING_SEV080_W0052,52.0,56.99,BEARING,BEARING,0.8,0.1999999999999999,True,BEARING,0.9890185185185184,CYLINDER,0.010981481481481481,0.9780370370370369,BEARING
BEARING_SEV080,BEARING_SEV080_W0053,53.0,57.99,BEARING,BEARING,0.8,0.1999999999999999,True,BEARING,0.9890185185185184,CYLINDER,0.010981481481481481,0.9780370370370369,BEARING
BEARING_SEV080,BEARING_SEV080_W0054,54.0,58.99,BEARING,BEARING,0.8,0.1999999999999999,True,BEARING,0.99,CYLINDER,0.01,0.98,BEARING
BEARING_SEV080,BEARING_SEV080_W0055,55.0,59.99,BEARING,BEARING,0.8,0.1999999999999999,True,BEARING,0.9866666666666667,CYLINDER,0.01,0.9766666666666667,BEARING
COOLING_SEV080,COOLING_SEV080_W0000,0.0,4.99,COOLING,COOLING_SYSTEM,0.8,0.1999999999999999,True,COOLING,0.93,HEALTHY,0.07,0.8600000000000001,COOLING
COOLING_SEV080,COOLING_SEV080_W0001,1.0,5.99,COOLING,COOLING_SYSTEM,0.8,0.1999999999999999,True,COOLING,0.9933333333333333,HEALTHY,0.006666666666666667,0.9866666666666666,COOLING
COOLING_SEV080,COOLING_SEV080_W0002,2.0,6.99,COOLING,COOLING_SYSTEM,0.8,0.1999999999999999,True,COOLING,0.9867755610882611,HEALTHY,0.013224438911738726,0.9735511221765224,COOLING
COOLING_SEV080,COOLING_SEV080_W0003,3.0,7.99,COOLING,COOLING_SYSTEM,0.8,0.1999999999999999,True,COOLING,0.9850671328422476,HEALTHY,0.014932867157752393,0.9701342656844951,COOLING
COOLING_SEV080,COOLING_SEV080_W0004,4.0,8.99,COOLING,COOLING_SYSTEM,0.8,0.1999999999999999,True,COOLING,0.9806647764504259,HEALTHY,0.019335223549574072,0.9613295529008519,COOLING
COOLING_SEV080,COOLING_SEV080_W0005,5.0,9.99,COOLING,COOLING_SYSTEM,0.8,0.1999999999999999,True,COOLING,0.9746814081564829,HEALTHY,0.021049019607843136,0.9536323885486397,COOLING
COOLING_SEV080,COOLING_SEV080_W0006,6.0,10.99,COOLING,COOLING_SYSTEM,0.8,0.1999999999999999,True,COOLING,0.9863711046686344,LUBRICATION,0.006962228664698717,0.9794088760039357,COOLING
COOLING_SEV080,COOLING_SEV080_W0007,7.0,11.99,COOLING,COOLING_SYSTEM,0.8,0.1999999999999999,True,COOLING,0.9797044380019677,HEALTHY,0.013333333333333334,0.9663711046686344,COOLING
COOLING_SEV080,COOLING_SEV080_W0008,8.0,12.99,COOLING,COOLING_SYSTEM,0.8,0.1999999999999999,True,COOLING,0.9786239079306122,HEALTHY,0.01108053007135576,0.9675433778592564,COOLING
COOLING_SEV080,COOLING_SEV080_W0009,9.0,13.99,COOLING,COOLING_SYSTEM,0.8,0.1999999999999999,True,COOLING,0.9797044380019677,LUBRICATION,0.006962228664698717,0.972742209337269,COOLING
COOLING_SEV080,COOLING_SEV080_W0010,10.0,14.99,COOLING,COOLING_SYSTEM,0.8,0.1999999999999999,True,COOLING,0.9813099425891239,CYLINDER,0.006666666666666667,0.9746432759224571,COOLING
COOLING_SEV080,COOLING_SEV080_W0011,11.0,15.99,COOLING,COOLING_SYSTEM,0.8,0.1999999999999999,True,COOLING,0.9866666666666667,CYLINDER,0.006666666666666667,0.98,COOLING
COOLING_SEV080,COOLING_SEV080_W0012,12.0,16.990000000000002,COOLING,COOLING_SYSTEM,0.8,0.1999999999999999,True,COOLING,0.99,CYLINDER,0.006666666666666667,0.9833333333333333,COOLING
COOLING_SEV080,COOLING_SEV080_W0013,13.0,17.990000000000002,COOLING,COOLING_SYSTEM,0.8,0.1999999999999999,True,COOLING,0.9933333333333333,CYLINDER,0.006666666666666667,0.9866666666666666,COOLING
COOLING_SEV080,COOLING_SEV080_W0014,14.0,18.99,COOLING,COOLING_SYSTEM,0.8,0.1999999999999999,True,COOLING,0.9933333333333333,CYLINDER,0.006666666666666667,0.9866666666666666,COOLING
COOLING_SEV080,COOLING_SEV080_W0015,15.0,19.99,COOLING,COOLING_SYSTEM,0.8,0.1999999999999999,True,COOLING,0.9933333333333333,CYLINDER,0.006666666666666667,0.9866666666666666,COOLING
COOLING_SEV080,COOLING_SEV080_W0016,16.0,20.99,COOLING,COOLING_SYSTEM,0.8,0.1999999999999999,True,COOLING,0.9933333333333333,CYLINDER,0.006666666666666667,0.9866666666666666,COOLING
COOLING_SEV080,COOLING_SEV080_W0017,17.0,21.99,COOLING,COOLING_SYSTEM,0.8,0.1999999999999999,True,COOLING,0.9933333333333333,CYLINDER,0.006666666666666667,0.9866666666666666,COOLING
COOLING_SEV080,COOLING_SEV080_W0018,18.0,22.99,COOLING,COOLING_SYSTEM,0.8,0.1999999999999999,True,COOLING,0.9933333333333333,CYLINDER,0.006666666666666667,0.9866666666666666,COOLING
COOLING_SEV080,COOLING_SEV080_W0019,19.0,23.99,COOLING,COOLING_SYSTEM,0.8,0.1999999999999999,True,COOLING,0.9933333333333333,CYLINDER,0.006666666666666667,0.9866666666666666,COOLING
COOLING_SEV080,COOLING_SEV080_W0020,20.0,24.99,COOLING,COOLING_SYSTEM,0.8,0.1999999999999999,True,COOLING,0.9933333333333333,CYLINDER,0.006666666666666667,0.9866666666666666,COOLING
COOLING_SEV080,COOLING_SEV080_W0021,21.0,25.99,COOLING,COOLING_SYSTEM,0.8,0.1999999999999999,True,COOLING,0.9933333333333333,CYLINDER,0.006666666666666667,0.9866666666666666,COOLING
COOLING_SEV080,COOLING_SEV080_W0022,22.0,26.99,COOLING,COOLING_SYSTEM,0.8,0.1999999999999999,True,COOLING,0.99,CYLINDER,0.006666666666666667,0.9833333333333333,COOLING
COOLING_SEV080,COOLING_SEV080_W0023,23.0,27.99,COOLING,COOLING_SYSTEM,0.8,0.1999999999999999,True,COOLING,0.99,CYLINDER,0.006666666666666667,0.9833333333333333,COOLING
COOLING_SEV080,COOLING_SEV080_W0024,24.0,28.99,COOLING,COOLING_SYSTEM,0.8,0.1999999999999999,True,COOLING,0.99,CYLINDER,0.006666666666666667,0.9833333333333333,COOLING
COOLING_SEV080,COOLING_SEV080_W0025,25.0,29.99,COOLING,COOLING_SYSTEM,0.8,0.1999999999999999,True,COOLING,0.9895469659185369,CYLINDER,0.006666666666666667,0.9828802992518701,COOLING
COOLING_SEV080,COOLING_SEV080_W0026,26.0,30.99,COOLING,COOLING_SYSTEM,0.8,0.1999999999999999,True,COOLING,0.9910326086956521,CYLINDER,0.006666666666666667,0.9843659420289854,COOLING
COOLING_SEV080,COOLING_SEV080_W0027,27.0,31.99,COOLING,COOLING_SYSTEM,0.8,0.1999999999999999,True,COOLING,0.9866666666666667,CYLINDER,0.006666666666666667,0.98,COOLING
COOLING_SEV080,COOLING_SEV080_W0028,28.0,32.99,COOLING,COOLING_SYSTEM,0.8,0.1999999999999999,True,COOLING,0.9843659420289854,CYLINDER,0.006666666666666667,0.9776992753623187,COOLING
COOLING_SEV080,COOLING_SEV080_W0029,29.0,33.99,COOLING,COOLING_SYSTEM,0.8,0.1999999999999999,True,COOLING,0.9843659420289854,CYLINDER,0.006666666666666667,0.9776992753623187,COOLING
COOLING_SEV080,COOLING_SEV080_W0030,30.0,34.99,COOLING,COOLING_SYSTEM,0.8,0.1999999999999999,True,COOLING,0.9910326086956521,CYLINDER,0.006666666666666667,0.9843659420289854,COOLING
COOLING_SEV080,COOLING_SEV080_W0031,31.0,35.99,COOLING,COOLING_SYSTEM,0.8,0.1999999999999999,True,COOLING,0.9933333333333333,CYLINDER,0.006666666666666667,0.9866666666666666,COOLING
COOLING_SEV080,COOLING_SEV080_W0032,32.0,36.99,COOLING,COOLING_SYSTEM,0.8,0.1999999999999999,True,COOLING,0.9868686547103359,CYLINDER,0.006666666666666667,0.9802019880436692,COOLING
COOLING_SEV080,COOLING_SEV080_W0033,33.0,37.99,COOLING,COOLING_SYSTEM,0.8,0.1999999999999999,True,COOLING,0.9868686547103359,CYLINDER,0.006666666666666667,0.9802019880436692,COOLING
COOLING_SEV080,COOLING_SEV080_W0034,34.0,38.99,COOLING,COOLING_SYSTEM,0.8,0.1999999999999999,True,COOLING,0.9868686547103359,CYLINDER,0.006666666666666667,0.9802019880436692,COOLING
COOLING_SEV080,COOLING_SEV080_W0035,35.0,39.99,COOLING,COOLING_SYSTEM,0.8,0.1999999999999999,True,COOLING,0.9868686547103359,CYLINDER,0.006666666666666667,0.9802019880436692,COOLING
COOLING_SEV080,COOLING_SEV080_W0036,36.0,40.99,COOLING,COOLING_SYSTEM,0.8,0.1999999999999999,True,COOLING,0.9832795865143725,LUBRICATION,0.007657448715223912,0.9756221377991486,COOLING
COOLING_SEV080,COOLING_SEV080_W0037,37.0,41.99,COOLING,COOLING_SYSTEM,0.8,0.1999999999999999,True,COOLING,0.9933333333333333,CYLINDER,0.006666666666666667,0.9866666666666666,COOLING
COOLING_SEV080,COOLING_SEV080_W0038,38.0,42.99,COOLING,COOLING_SYSTEM,0.8,0.1999999999999999,True,COOLING,0.9910326086956521,CYLINDER,0.006666666666666667,0.9843659420289854,COOLING
COOLING_SEV080,COOLING_SEV080_W0039,39.0,43.99,COOLING,COOLING_SYSTEM,0.8,0.1999999999999999,True,COOLING,0.9933333333333333,CYLINDER,0.006666666666666667,0.9866666666666666,COOLING
COOLING_SEV080,COOLING_SEV080_W0040,40.0,44.99,COOLING,COOLING_SYSTEM,0.8,0.1999999999999999,True,COOLING,0.9933333333333333,CYLINDER,0.006666666666666667,0.9866666666666666,COOLING
COOLING_SEV080,COOLING_SEV080_W0041,41.0,45.99,COOLING,COOLING_SYSTEM,0.8,0.1999999999999999,True,COOLING,0.99,CYLINDER,0.006666666666666667,0.9833333333333333,COOLING
COOLING_SEV080,COOLING_SEV080_W0042,42.0,46.99,COOLING,COOLING_SYSTEM,0.8,0.1999999999999999,True,COOLING,0.9933333333333333,CYLINDER,0.006666666666666667,0.9866666666666666,COOLING
COOLING_SEV080,COOLING_SEV080_W0043,43.0,47.99,COOLING,COOLING_SYSTEM,0.8,0.1999999999999999,True,COOLING,0.9933333333333333,CYLINDER,0.006666666666666667,0.9866666666666666,COOLING
COOLING_SEV080,COOLING_SEV080_W0044,44.0,48.99,COOLING,COOLING_SYSTEM,0.8,0.1999999999999999,True,COOLING,0.99,CYLINDER,0.006666666666666667,0.9833333333333333,COOLING
COOLING_SEV080,COOLING_SEV080_W0045,45.0,49.99,COOLING,COOLING_SYSTEM,0.8,0.1999999999999999,True,COOLING,0.99,CYLINDER,0.006666666666666667,0.9833333333333333,COOLING
COOLING_SEV080,COOLING_SEV080_W0046,46.0,50.99,COOLING,COOLING_SYSTEM,0.8,0.1999999999999999,True,COOLING,0.9933333333333333,CYLINDER,0.006666666666666667,0.9866666666666666,COOLING
COOLING_SEV080,COOLING_SEV080_W0047,47.0,51.99,COOLING,COOLING_SYSTEM,0.8,0.1999999999999999,True,COOLING,0.99,CYLINDER,0.006666666666666667,0.9833333333333333,COOLING
COOLING_SEV080,COOLING_SEV080_W0048,48.0,52.99,COOLING,COOLING_SYSTEM,0.8,0.1999999999999999,True,COOLING,0.9866666666666667,CYLINDER,0.006666666666666667,0.98,COOLING
COOLING_SEV080,COOLING_SEV080_W0049,49.0,53.99,COOLING,COOLING_SYSTEM,0.8,0.1999999999999999,True,COOLING,0.99,CYLINDER,0.006666666666666667,0.9833333333333333,COOLING
COOLING_SEV080,COOLING_SEV080_W0050,50.0,54.99,COOLING,COOLING_SYSTEM,0.8,0.1999999999999999,True,COOLING,0.9933333333333333,CYLINDER,0.006666666666666667,0.9866666666666666,COOLING
COOLING_SEV080,COOLING_SEV080_W0051,51.0,55.99,COOLING,COOLING_SYSTEM,0.8,0.1999999999999999,True,COOLING,0.9933333333333333,CYLINDER,0.006666666666666667,0.9866666666666666,COOLING
COOLING_SEV080,COOLING_SEV080_W0052,52.0,56.99,COOLING,COOLING_SYSTEM,0.8,0.1999999999999999,True,COOLING,0.99,CYLINDER,0.006666666666666667,0.9833333333333333,COOLING
COOLING_SEV080,COOLING_SEV080_W0053,53.0,57.99,COOLING,COOLING_SYSTEM,0.8,0.1999999999999999,True,COOLING,0.9889194699286442,CYLINDER,0.006666666666666667,0.9822528032619775,COOLING
COOLING_SEV080,COOLING_SEV080_W0054,54.0,58.99,COOLING,COOLING_SYSTEM,0.8,0.1999999999999999,True,COOLING,0.9866666666666667,CYLINDER,0.006666666666666667,0.98,COOLING
COOLING_SEV080,COOLING_SEV080_W0055,55.0,59.99,COOLING,COOLING_SYSTEM,0.8,0.1999999999999999,True,COOLING,0.9866666666666667,CYLINDER,0.006666666666666667,0.98,COOLING
CYL1_SEV080,CYL1_SEV080_W0000,0.0,4.99,CYLINDER,CYLINDER_1,0.8,0.1999999999999999,True,CYLINDER,0.9906533727186858,BEARING,0.009346627281314147,0.9813067454373716,CYLINDER
CYL1_SEV080,CYL1_SEV080_W0001,1.0,5.99,CYLINDER,CYLINDER_1,0.8,0.1999999999999999,True,CYLINDER,0.9904251888247079,BEARING,0.009574811175292365,0.9808503776494155,CYLINDER
CYL1_SEV080,CYL1_SEV080_W0002,2.0,6.99,CYLINDER,CYLINDER_1,0.8,0.1999999999999999,True,CYLINDER,0.9958706342701532,BEARING,0.0041293657298469184,0.9917412685403063,CYLINDER
CYL1_SEV080,CYL1_SEV080_W0003,3.0,7.99,CYLINDER,CYLINDER_1,0.8,0.1999999999999999,True,CYLINDER,0.9958706342701532,BEARING,0.0041293657298469184,0.9917412685403063,CYLINDER
CYL1_SEV080,CYL1_SEV080_W0004,4.0,8.99,CYLINDER,CYLINDER_1,0.8,0.1999999999999999,True,CYLINDER,0.9958706342701532,BEARING,0.0041293657298469184,0.9917412685403063,CYLINDER
CYL1_SEV080,CYL1_SEV080_W0005,5.0,9.99,CYLINDER,CYLINDER_1,0.8,0.1999999999999999,True,CYLINDER,0.9958706342701532,BEARING,0.0041293657298469184,0.9917412685403063,CYLINDER
CYL1_SEV080,CYL1_SEV080_W0006,6.0,10.99,CYLINDER,CYLINDER_1,0.8,0.1999999999999999,True,CYLINDER,0.9925630211022612,BEARING,0.007436978897738709,0.9851260422045225,CYLINDER
CYL1_SEV080,CYL1_SEV080_W0007,7.0,11.99,CYLINDER,CYLINDER_1,0.8,0.1999999999999999,True,CYLINDER,0.9875984630163305,BEARING,0.01240153698366955,0.975196926032661,CYLINDER
CYL1_SEV080,CYL1_SEV080_W0008,8.0,12.99,CYLINDER,CYLINDER_1,0.8,0.1999999999999999,True,CYLINDER,0.9858937445992833,BEARING,0.014106255400716734,0.9717874891985665,CYLINDER
CYL1_SEV080,CYL1_SEV080_W0009,9.0,13.99,CYLINDER,CYLINDER_1,0.8,0.1999999999999999,True,CYLINDER,0.9816775910439886,BEARING,0.018322408956011366,0.9633551820879772,CYLINDER
CYL1_SEV080,CYL1_SEV080_W0010,10.0,14.99,CYLINDER,CYLINDER_1,0.8,0.1999999999999999,True,CYLINDER,0.9866249995872912,BEARING,0.013375000412708789,0.9732499991745824,CYLINDER
CYL1_SEV080,CYL1_SEV080_W0011,11.0,15.99,CYLINDER,CYLINDER_1,0.8,0.1999999999999999,True,CYLINDER,0.9866249995872912,BEARING,0.013375000412708789,0.9732499991745824,CYLINDER
CYL1_SEV080,CYL1_SEV080_W0012,12.0,16.990000000000002,CYLINDER,CYLINDER_1,0.8,0.1999999999999999,True,CYLINDER,0.9073799064621568,BEARING,0.09262009353784321,0.8147598129243137,CYLINDER
CYL1_SEV080,CYL1_SEV080_W0013,13.0,17.990000000000002,CYLINDER,CYLINDER_1,0.8,0.1999999999999999,True,CYLINDER,0.9609026693635042,BEARING,0.03909733063649581,0.9218053387270084,CYLINDER
CYL1_SEV080,CYL1_SEV080_W0014,14.0,18.99,CYLINDER,CYLINDER_1,0.8,0.1999999999999999,True,CYLINDER,0.9923133389800057,BEARING,0.007686661019994353,0.9846266779600114,CYLINDER
CYL1_SEV080,CYL1_SEV080_W0015,15.0,19.99,CYLINDER,CYLINDER_1,0.8,0.1999999999999999,True,CYLINDER,0.9923133389800057,BEARING,0.007686661019994353,0.9846266779600114,CYLINDER
CYL1_SEV080,CYL1_SEV080_W0016,16.0,20.99,CYLINDER,CYLINDER_1,0.8,0.1999999999999999,True,CYLINDER,0.9923133389800057,BEARING,0.007686661019994353,0.9846266779600114,CYLINDER
CYL1_SEV080,CYL1_SEV080_W0017,17.0,21.99,CYLINDER,CYLINDER_1,0.8,0.1999999999999999,True,CYLINDER,0.9894470150725506,BEARING,0.010552984927449367,0.9788940301451012,CYLINDER
CYL1_SEV080,CYL1_SEV080_W0018,18.0,22.99,CYLINDER,CYLINDER_1,0.8,0.1999999999999999,True,CYLINDER,0.9894470150725506,BEARING,0.010552984927449367,0.9788940301451012,CYLINDER
CYL1_SEV080,CYL1_SEV080_W0019,19.0,23.99,CYLINDER,CYLINDER_1,0.8,0.1999999999999999,True,CYLINDER,0.9923133389800057,BEARING,0.007686661019994353,0.9846266779600114,CYLINDER
CYL1_SEV080,CYL1_SEV080_W0020,20.0,24.99,CYLINDER,CYLINDER_1,0.8,0.1999999999999999,True,CYLINDER,0.9894470150725506,BEARING,0.010552984927449367,0.9788940301451012,CYLINDER
CYL1_SEV080,CYL1_SEV080_W0021,21.0,25.99,CYLINDER,CYLINDER_1,0.8,0.1999999999999999,True,CYLINDER,0.9923133389800057,BEARING,0.007686661019994353,0.9846266779600114,CYLINDER
CYL1_SEV080,CYL1_SEV080_W0022,22.0,26.99,CYLINDER,CYLINDER_1,0.8,0.1999999999999999,True,CYLINDER,0.9945545545545545,BEARING,0.005445445445445445,0.9891091091091091,CYLINDER
CYL1_SEV080,CYL1_SEV080_W0023,23.0,27.99,CYLINDER,CYLINDER_1,0.8,0.1999999999999999,True,CYLINDER,0.9945545545545545,BEARING,0.005445445445445445,0.9891091091091091,CYLINDER
CYL1_SEV080,CYL1_SEV080_W0024,24.0,28.99,CYLINDER,CYLINDER_1,0.8,0.1999999999999999,True,CYLINDER,0.9945545545545545,BEARING,0.005445445445445445,0.9891091091091091,CYLINDER
CYL1_SEV080,CYL1_SEV080_W0025,25.0,29.99,CYLINDER,CYLINDER_1,0.8,0.1999999999999999,True,CYLINDER,0.9945545545545545,BEARING,0.005445445445445445,0.9891091091091091,CYLINDER
CYL1_SEV080,CYL1_SEV080_W0026,26.0,30.99,CYLINDER,CYLINDER_1,0.8,0.1999999999999999,True,CYLINDER,0.9945545545545545,BEARING,0.005445445445445445,0.9891091091091091,CYLINDER
CYL1_SEV080,CYL1_SEV080_W0027,27.0,31.99,CYLINDER,CYLINDER_1,0.8,0.1999999999999999,True,CYLINDER,0.9945545545545545,BEARING,0.005445445445445445,0.9891091091091091,CYLINDER
CYL1_SEV080,CYL1_SEV080_W0028,28.0,32.99,CYLINDER,CYLINDER_1,0.8,0.1999999999999999,True,CYLINDER,0.9945545545545545,BEARING,0.005445445445445445,0.9891091091091091,CYLINDER
CYL1_SEV080,CYL1_SEV080_W0029,29.0,33.99,CYLINDER,CYLINDER_1,0.8,0.1999999999999999,True,CYLINDER,0.9945545545545545,BEARING,0.005445445445445445,0.9891091091091091,CYLINDER
CYL1_SEV080,CYL1_SEV080_W0030,30.0,34.99,CYLINDER,CYLINDER_1,0.8,0.1999999999999999,True,CYLINDER,0.9945545545545545,BEARING,0.005445445445445445,0.9891091091091091,CYLINDER
CYL1_SEV080,CYL1_SEV080_W0031,31.0,35.99,CYLINDER,CYLINDER_1,0.8,0.1999999999999999,True,CYLINDER,0.9945545545545545,BEARING,0.005445445445445445,0.9891091091091091,CYLINDER
CYL1_SEV080,CYL1_SEV080_W0032,32.0,36.99,CYLINDER,CYLINDER_1,0.8,0.1999999999999999,True,CYLINDER,0.9945545545545545,BEARING,0.005445445445445445,0.9891091091091091,CYLINDER
CYL1_SEV080,CYL1_SEV080_W0033,33.0,37.99,CYLINDER,CYLINDER_1,0.8,0.1999999999999999,True,CYLINDER,0.9945545545545545,BEARING,0.005445445445445445,0.9891091091091091,CYLINDER
CYL1_SEV080,CYL1_SEV080_W0034,34.0,38.99,CYLINDER,CYLINDER_1,0.8,0.1999999999999999,True,CYLINDER,0.9945545545545545,BEARING,0.005445445445445445,0.9891091091091091,CYLINDER
CYL1_SEV080,CYL1_SEV080_W0035,35.0,39.99,CYLINDER,CYLINDER_1,0.8,0.1999999999999999,True,CYLINDER,0.9945545545545545,BEARING,0.005445445445445445,0.9891091091091091,CYLINDER
CYL1_SEV080,CYL1_SEV080_W0036,36.0,40.99,CYLINDER,CYLINDER_1,0.8,0.1999999999999999,True,CYLINDER,0.9945545545545545,BEARING,0.005445445445445445,0.9891091091091091,CYLINDER
CYL1_SEV080,CYL1_SEV080_W0037,37.0,41.99,CYLINDER,CYLINDER_1,0.8,0.1999999999999999,True,CYLINDER,0.9945545545545545,BEARING,0.005445445445445445,0.9891091091091091,CYLINDER
CYL1_SEV080,CYL1_SEV080_W0038,38.0,42.99,CYLINDER,CYLINDER_1,0.8,0.1999999999999999,True,CYLINDER,0.9945545545545545,BEARING,0.005445445445445445,0.9891091091091091,CYLINDER
CYL1_SEV080,CYL1_SEV080_W0039,39.0,43.99,CYLINDER,CYLINDER_1,0.8,0.1999999999999999,True,CYLINDER,0.9945545545545545,BEARING,0.005445445445445445,0.9891091091091091,CYLINDER
CYL1_SEV080,CYL1_SEV080_W0040,40.0,44.99,CYLINDER,CYLINDER_1,0.8,0.1999999999999999,True,CYLINDER,0.9945545545545545,BEARING,0.005445445445445445,0.9891091091091091,CYLINDER
CYL1_SEV080,CYL1_SEV080_W0041,41.0,45.99,CYLINDER,CYLINDER_1,0.8,0.1999999999999999,True,CYLINDER,0.9945545545545545,BEARING,0.005445445445445445,0.9891091091091091,CYLINDER
CYL1_SEV080,CYL1_SEV080_W0042,42.0,46.99,CYLINDER,CYLINDER_1,0.8,0.1999999999999999,True,CYLINDER,0.9945545545545545,BEARING,0.005445445445445445,0.9891091091091091,CYLINDER
CYL1_SEV080,CYL1_SEV080_W0043,43.0,47.99,CYLINDER,CYLINDER_1,0.8,0.1999999999999999,True,CYLINDER,0.9945545545545545,BEARING,0.005445445445445445,0.9891091091091091,CYLINDER
CYL1_SEV080,CYL1_SEV080_W0044,44.0,48.99,CYLINDER,CYLINDER_1,0.8,0.1999999999999999,True,CYLINDER,0.9945545545545545,BEARING,0.005445445445445445,0.9891091091091091,CYLINDER
CYL1_SEV080,CYL1_SEV080_W0045,45.0,49.99,CYLINDER,CYLINDER_1,0.8,0.1999999999999999,True,CYLINDER,0.9945545545545545,BEARING,0.005445445445445445,0.9891091091091091,CYLINDER
CYL1_SEV080,CYL1_SEV080_W0046,46.0,50.99,CYLINDER,CYLINDER_1,0.8,0.1999999999999999,True,CYLINDER,0.9945545545545545,BEARING,0.005445445445445445,0.9891091091091091,CYLINDER
CYL1_SEV080,CYL1_SEV080_W0047,47.0,51.99,CYLINDER,CYLINDER_1,0.8,0.1999999999999999,True,CYLINDER,0.9945545545545545,BEARING,0.005445445445445445,0.9891091091091091,CYLINDER
CYL1_SEV080,CYL1_SEV080_W0048,48.0,52.99,CYLINDER,CYLINDER_1,0.8,0.1999999999999999,True,CYLINDER,0.9945545545545545,BEARING,0.005445445445445445,0.9891091091091091,CYLINDER
CYL1_SEV080,CYL1_SEV080_W0049,49.0,53.99,CYLINDER,CYLINDER_1,0.8,0.1999999999999999,True,CYLINDER,0.9945545545545545,BEARING,0.005445445445445445,0.9891091091091091,CYLINDER
CYL1_SEV080,CYL1_SEV080_W0050,50.0,54.99,CYLINDER,CYLINDER_1,0.8,0.1999999999999999,True,CYLINDER,0.9923133389800057,BEARING,0.007686661019994353,0.9846266779600114,CYLINDER
CYL1_SEV080,CYL1_SEV080_W0051,51.0,55.99,CYLINDER,CYLINDER_1,0.8,0.1999999999999999,True,CYLINDER,0.9689800056466724,BEARING,0.017686661019994356,0.951293344626678,CYLINDER
CYL1_SEV080,CYL1_SEV080_W0052,52.0,56.99,CYLINDER,CYLINDER_1,0.8,0.1999999999999999,True,CYLINDER,0.9712212212212212,BEARING,0.015445445445445447,0.9557757757757758,CYLINDER
CYL1_SEV080,CYL1_SEV080_W0053,53.0,57.99,CYLINDER,CYLINDER_1,0.8,0.1999999999999999,True,CYLINDER,0.9712212212212212,BEARING,0.015445445445445447,0.9557757757757758,CYLINDER
CYL1_SEV080,CYL1_SEV080_W0054,54.0,58.99,CYLINDER,CYLINDER_1,0.8,0.1999999999999999,True,CYLINDER,0.9712212212212212,BEARING,0.015445445445445447,0.9557757757757758,CYLINDER
CYL1_SEV080,CYL1_SEV080_W0055,55.0,59.99,CYLINDER,CYLINDER_1,0.8,0.1999999999999999,True,CYLINDER,0.9712212212212212,BEARING,0.015445445445445447,0.9557757757757758,CYLINDER
CYL3_SEV080,CYL3_SEV080_W0000,0.0,4.99,CYLINDER,CYLINDER_3,0.8,0.1999999999999999,True,CYLINDER,0.9862444519218139,BEARING,0.013755548078186297,0.9724889038436275,CYLINDER
CYL3_SEV080,CYL3_SEV080_W0001,1.0,5.99,CYLINDER,CYLINDER_3,0.8,0.1999999999999999,True,CYLINDER,0.9811832898423031,BEARING,0.018816710157697,0.962366579684606,CYLINDER
CYL3_SEV080,CYL3_SEV080_W0002,2.0,6.99,CYLINDER,CYLINDER_3,0.8,0.1999999999999999,True,CYLINDER,0.9811832898423031,BEARING,0.018816710157697,0.962366579684606,CYLINDER
CYL3_SEV080,CYL3_SEV080_W0003,3.0,7.99,CYLINDER,CYLINDER_3,0.8,0.1999999999999999,True,CYLINDER,0.9803958280686027,BEARING,0.019604171931397307,0.9607916561372054,CYLINDER
CYL3_SEV080,CYL3_SEV080_W0004,4.0,8.99,CYLINDER,CYLINDER_3,0.8,0.1999999999999999,True,CYLINDER,0.983729161401936,BEARING,0.016270838598063976,0.967458322803872,CYLINDER
CYL3_SEV080,CYL3_SEV080_W0005,5.0,9.99,CYLINDER,CYLINDER_3,0.8,0.1999999999999999,True,CYLINDER,0.983729161401936,BEARING,0.016270838598063976,0.967458322803872,CYLINDER
CYL3_SEV080,CYL3_SEV080_W0006,6.0,10.99,CYLINDER,CYLINDER_3,0.8,0.1999999999999999,True,CYLINDER,0.9820554827749688,BEARING,0.017944517225031296,0.9641109655499375,CYLINDER
CYL3_SEV080,CYL3_SEV080_W0007,7.0,11.99,CYLINDER,CYLINDER_3,0.8,0.1999999999999999,True,CYLINDER,0.9781591968554266,BEARING,0.02184080314457344,0.9563183937108531,CYLINDER
CYL3_SEV080,CYL3_SEV080_W0008,8.0,12.99,CYLINDER,CYLINDER_3,0.8,0.1999999999999999,True,CYLINDER,0.9864544784383793,BEARING,0.013545521561620623,0.9729089568767587,CYLINDER
CYL3_SEV080,CYL3_SEV080_W0009,9.0,13.99,CYLINDER,CYLINDER_3,0.8,0.1999999999999999,True,CYLINDER,0.9797878117717126,BEARING,0.020212188228287287,0.9595756235434253,CYLINDER
CYL3_SEV080,CYL3_SEV080_W0010,10.0,14.99,CYLINDER,CYLINDER_3,0.8,0.1999999999999999,True,CYLINDER,0.9693272062946043,BEARING,0.02400612703872896,0.9453210792558754,CYLINDER
CYL3_SEV080,CYL3_SEV080_W0011,11.0,15.99,CYLINDER,CYLINDER_3,0.8,0.1999999999999999,True,CYLINDER,0.956292553509668,BEARING,0.037040779823665215,0.9192517736860029,CYLINDER
CYL3_SEV080,CYL3_SEV080_W0012,12.0,16.990000000000002,CYLINDER,CYLINDER_3,0.8,0.1999999999999999,True,CYLINDER,0.9397374238442535,BEARING,0.053595909489079836,0.8861415143551736,CYLINDER
CYL3_SEV080,CYL3_SEV080_W0013,13.0,17.990000000000002,CYLINDER,CYLINDER_3,0.8,0.1999999999999999,True,CYLINDER,0.957622252194198,BEARING,0.035711081139135195,0.9219111710550628,CYLINDER
CYL3_SEV080,CYL3_SEV080_W0014,14.0,18.99,CYLINDER,CYLINDER_3,0.8,0.1999999999999999,True,CYLINDER,0.9908178694158077,BEARING,0.00918213058419244,0.9816357388316153,CYLINDER
CYL3_SEV080,CYL3_SEV080_W0015,15.0,19.99,CYLINDER,CYLINDER_3,0.8,0.1999999999999999,True,CYLINDER,0.9933333333333333,BEARING,0.006666666666666667,0.9866666666666666,CYLINDER
CYL3_SEV080,CYL3_SEV080_W0016,16.0,20.99,CYLINDER,CYLINDER_3,0.8,0.1999999999999999,True,CYLINDER,0.9933333333333333,BEARING,0.006666666666666667,0.9866666666666666,CYLINDER
CYL3_SEV080,CYL3_SEV080_W0017,17.0,21.99,CYLINDER,CYLINDER_3,0.8,0.1999999999999999,True,CYLINDER,0.9933333333333333,BEARING,0.006666666666666667,0.9866666666666666,CYLINDER
CYL3_SEV080,CYL3_SEV080_W0018,18.0,22.99,CYLINDER,CYLINDER_3,0.8,0.1999999999999999,True,CYLINDER,0.9933333333333333,BEARING,0.006666666666666667,0.9866666666666666,CYLINDER
CYL3_SEV080,CYL3_SEV080_W0019,19.0,23.99,CYLINDER,CYLINDER_3,0.8,0.1999999999999999,True,CYLINDER,0.9933333333333333,BEARING,0.006666666666666667,0.9866666666666666,CYLINDER
CYL3_SEV080,CYL3_SEV080_W0020,20.0,24.99,CYLINDER,CYLINDER_3,0.8,0.1999999999999999,True,CYLINDER,0.9933333333333333,BEARING,0.006666666666666667,0.9866666666666666,CYLINDER
CYL3_SEV080,CYL3_SEV080_W0021,21.0,25.99,CYLINDER,CYLINDER_3,0.8,0.1999999999999999,True,CYLINDER,0.9933333333333333,BEARING,0.006666666666666667,0.9866666666666666,CYLINDER
CYL3_SEV080,CYL3_SEV080_W0022,22.0,26.99,CYLINDER,CYLINDER_3,0.8,0.1999999999999999,True,CYLINDER,0.9933333333333333,BEARING,0.006666666666666667,0.9866666666666666,CYLINDER
CYL3_SEV080,CYL3_SEV080_W0023,23.0,27.99,CYLINDER,CYLINDER_3,0.8,0.1999999999999999,True,CYLINDER,0.9933333333333333,BEARING,0.006666666666666667,0.9866666666666666,CYLINDER
CYL3_SEV080,CYL3_SEV080_W0024,24.0,28.99,CYLINDER,CYLINDER_3,0.8,0.1999999999999999,True,CYLINDER,0.9933333333333333,BEARING,0.006666666666666667,0.9866666666666666,CYLINDER
CYL3_SEV080,CYL3_SEV080_W0025,25.0,29.99,CYLINDER,CYLINDER_3,0.8,0.1999999999999999,True,CYLINDER,0.9933333333333333,BEARING,0.006666666666666667,0.9866666666666666,CYLINDER
CYL3_SEV080,CYL3_SEV080_W0026,26.0,30.99,CYLINDER,CYLINDER_3,0.8,0.1999999999999999,True,CYLINDER,0.99,BEARING,0.01,0.98,CYLINDER
CYL3_SEV080,CYL3_SEV080_W0027,27.0,31.99,CYLINDER,CYLINDER_3,0.8,0.1999999999999999,True,CYLINDER,0.97,BEARING,0.016666666666666666,0.9533333333333333,CYLINDER
CYL3_SEV080,CYL3_SEV080_W0028,28.0,32.99,CYLINDER,CYLINDER_3,0.8,0.1999999999999999,True,CYLINDER,0.97,BEARING,0.016666666666666666,0.9533333333333333,CYLINDER
CYL3_SEV080,CYL3_SEV080_W0029,29.0,33.99,CYLINDER,CYLINDER_3,0.8,0.1999999999999999,True,CYLINDER,0.97,BEARING,0.016666666666666666,0.9533333333333333,CYLINDER
CYL3_SEV080,CYL3_SEV080_W0030,30.0,34.99,CYLINDER,CYLINDER_3,0.8,0.1999999999999999,True,CYLINDER,0.97,BEARING,0.016666666666666666,0.9533333333333333,CYLINDER
CYL3_SEV080,CYL3_SEV080_W0031,31.0,35.99,CYLINDER,CYLINDER_3,0.8,0.1999999999999999,True,CYLINDER,0.97,BEARING,0.016666666666666666,0.9533333333333333,CYLINDER
CYL3_SEV080,CYL3_SEV080_W0032,32.0,36.99,CYLINDER,CYLINDER_3,0.8,0.1999999999999999,True,CYLINDER,0.97,BEARING,0.016666666666666666,0.9533333333333333,CYLINDER
CYL3_SEV080,CYL3_SEV080_W0033,33.0,37.99,CYLINDER,CYLINDER_3,0.8,0.1999999999999999,True,CYLINDER,0.97,BEARING,0.016666666666666666,0.9533333333333333,CYLINDER
CYL3_SEV080,CYL3_SEV080_W0034,34.0,38.99,CYLINDER,CYLINDER_3,0.8,0.1999999999999999,True,CYLINDER,0.97,BEARING,0.016666666666666666,0.9533333333333333,CYLINDER
CYL3_SEV080,CYL3_SEV080_W0035,35.0,39.99,CYLINDER,CYLINDER_3,0.8,0.1999999999999999,True,CYLINDER,0.97,BEARING,0.016666666666666666,0.9533333333333333,CYLINDER
CYL3_SEV080,CYL3_SEV080_W0036,36.0,40.99,CYLINDER,CYLINDER_3,0.8,0.1999999999999999,True,CYLINDER,0.97,BEARING,0.016666666666666666,0.9533333333333333,CYLINDER
CYL3_SEV080,CYL3_SEV080_W0037,37.0,41.99,CYLINDER,CYLINDER_3,0.8,0.1999999999999999,True,CYLINDER,0.97,BEARING,0.016666666666666666,0.9533333333333333,CYLINDER
CYL3_SEV080,CYL3_SEV080_W0038,38.0,42.99,CYLINDER,CYLINDER_3,0.8,0.1999999999999999,True,CYLINDER,0.97,BEARING,0.016666666666666666,0.9533333333333333,CYLINDER
CYL3_SEV080,CYL3_SEV080_W0039,39.0,43.99,CYLINDER,CYLINDER_3,0.8,0.1999999999999999,True,CYLINDER,0.97,BEARING,0.016666666666666666,0.9533333333333333,CYLINDER
CYL3_SEV080,CYL3_SEV080_W0040,40.0,44.99,CYLINDER,CYLINDER_3,0.8,0.1999999999999999,True,CYLINDER,0.97,BEARING,0.016666666666666666,0.9533333333333333,CYLINDER
CYL3_SEV080,CYL3_SEV080_W0041,41.0,45.99,CYLINDER,CYLINDER_3,0.8,0.1999999999999999,True,CYLINDER,0.97,BEARING,0.016666666666666666,0.9533333333333333,CYLINDER
CYL3_SEV080,CYL3_SEV080_W0042,42.0,46.99,CYLINDER,CYLINDER_3,0.8,0.1999999999999999,True,CYLINDER,0.97,BEARING,0.016666666666666666,0.9533333333333333,CYLINDER
CYL3_SEV080,CYL3_SEV080_W0043,43.0,47.99,CYLINDER,CYLINDER_3,0.8,0.1999999999999999,True,CYLINDER,0.97,BEARING,0.016666666666666666,0.9533333333333333,CYLINDER
CYL3_SEV080,CYL3_SEV080_W0044,44.0,48.99,CYLINDER,CYLINDER_3,0.8,0.1999999999999999,True,CYLINDER,0.97,BEARING,0.016666666666666666,0.9533333333333333,CYLINDER
CYL3_SEV080,CYL3_SEV080_W0045,45.0,49.99,CYLINDER,CYLINDER_3,0.8,0.1999999999999999,True,CYLINDER,0.97,BEARING,0.016666666666666666,0.9533333333333333,CYLINDER
CYL3_SEV080,CYL3_SEV080_W0046,46.0,50.99,CYLINDER,CYLINDER_3,0.8,0.1999999999999999,True,CYLINDER,0.97,BEARING,0.016666666666666666,0.9533333333333333,CYLINDER
CYL3_SEV080,CYL3_SEV080_W0047,47.0,51.99,CYLINDER,CYLINDER_3,0.8,0.1999999999999999,True,CYLINDER,0.99,BEARING,0.01,0.98,CYLINDER
CYL3_SEV080,CYL3_SEV080_W0048,48.0,52.99,CYLINDER,CYLINDER_3,0.8,0.1999999999999999,True,CYLINDER,0.99,BEARING,0.01,0.98,CYLINDER
CYL3_SEV080,CYL3_SEV080_W0049,49.0,53.99,CYLINDER,CYLINDER_3,0.8,0.1999999999999999,True,CYLINDER,0.99,BEARING,0.01,0.98,CYLINDER
CYL3_SEV080,CYL3_SEV080_W0050,50.0,54.99,CYLINDER,CYLINDER_3,0.8,0.1999999999999999,True,CYLINDER,0.99,BEARING,0.01,0.98,CYLINDER
CYL3_SEV080,CYL3_SEV080_W0051,51.0,55.99,CYLINDER,CYLINDER_3,0.8,0.1999999999999999,True,CYLINDER,0.99,BEARING,0.01,0.98,CYLINDER
CYL3_SEV080,CYL3_SEV080_W0052,52.0,56.99,CYLINDER,CYLINDER_3,0.8,0.1999999999999999,True,CYLINDER,0.9933333333333333,BEARING,0.006666666666666667,0.9866666666666666,CYLINDER
CYL3_SEV080,CYL3_SEV080_W0053,53.0,57.99,CYLINDER,CYLINDER_3,0.8,0.1999999999999999,True,CYLINDER,0.9911918604651163,BEARING,0.00880813953488372,0.9823837209302326,CYLINDER
CYL3_SEV080,CYL3_SEV080_W0054,54.0,58.99,CYLINDER,CYLINDER_3,0.8,0.1999999999999999,True,CYLINDER,0.9933333333333333,BEARING,0.006666666666666667,0.9866666666666666,CYLINDER
CYL3_SEV080,CYL3_SEV080_W0055,55.0,59.99,CYLINDER,CYLINDER_3,0.8,0.1999999999999999,True,CYLINDER,0.9933333333333333,BEARING,0.006666666666666667,0.9866666666666666,CYLINDER
HEALTHY_007,HEALTHY_007_W0000,0.0,4.99,NONE,NONE,0.0,1.0,False,HEALTHY,0.9727301790281331,COOLING,0.018950980392156865,0.9537791986359763,HEALTHY
HEALTHY_007,HEALTHY_007_W0001,1.0,5.99,NONE,NONE,0.0,1.0,False,HEALTHY,0.9531233798212184,COOLING,0.03394822557122023,0.9191751542499982,HEALTHY
HEALTHY_007,HEALTHY_007_W0002,2.0,6.99,NONE,NONE,0.0,1.0,False,HEALTHY,0.9389925781217124,COOLING,0.037281558904553556,0.9017110192171589,HEALTHY
HEALTHY_007,HEALTHY_007_W0003,3.0,7.99,NONE,NONE,0.0,1.0,False,HEALTHY,0.9366750789551155,COOLING,0.041663911845730026,0.8950111671093854,HEALTHY
HEALTHY_007,HEALTHY_007_W0004,4.0,8.99,NONE,NONE,0.0,1.0,False,HEALTHY,0.9250081764518296,COOLING,0.06061751915510457,0.864390657296725,HEALTHY
HEALTHY_007,HEALTHY_007_W0005,5.0,9.99,NONE,NONE,0.0,1.0,False,HEALTHY,0.9183168548102225,COOLING,0.065041761579347,0.8532750932308755,HEALTHY
HEALTHY_007,HEALTHY_007_W0006,6.0,10.99,NONE,NONE,0.0,1.0,False,HEALTHY,0.9362036198836295,COOLING,0.04666666666666667,0.8895369532169629,HEALTHY
HEALTHY_007,HEALTHY_007_W0007,7.0,11.99,NONE,NONE,0.0,1.0,False,HEALTHY,0.9342082410963108,COOLING,0.047402675371944245,0.8868055657243666,HEALTHY
HEALTHY_007,HEALTHY_007_W0008,8.0,12.99,NONE,NONE,0.0,1.0,False,HEALTHY,0.9460904307150296,COOLING,0.04122199217030188,0.9048684385447278,HEALTHY
HEALTHY_007,HEALTHY_007_W0009,9.0,13.99,NONE,NONE,0.0,1.0,False,HEALTHY,0.9712101910828026,COOLING,0.021727828746177368,0.9494823623366252,HEALTHY
HEALTHY_007,HEALTHY_007_W0010,10.0,14.99,NONE,NONE,0.0,1.0,False,HEALTHY,0.9833907015165534,LUBRICATION,0.013292408392110443,0.970098293124443,HEALTHY
HEALTHY_007,HEALTHY_007_W0011,11.0,15.99,NONE,NONE,0.0,1.0,False,HEALTHY,0.9861580047176786,LUBRICATION,0.012209188660801564,0.973948816056877,HEALTHY
HEALTHY_007,HEALTHY_007_W0012,12.0,16.990000000000002,NONE,NONE,0.0,1.0,False,HEALTHY,0.991267271191838,LUBRICATION,0.004883959745327583,0.9863833114465104,HEALTHY
HEALTHY_007,HEALTHY_007_W0013,13.0,17.990000000000002,NONE,NONE,0.0,1.0,False,HEALTHY,0.9894897699150982,COOLING,0.005549295774647888,0.9839404741404503,HEALTHY
HEALTHY_007,HEALTHY_007_W0014,14.0,18.99,NONE,NONE,0.0,1.0,False,HEALTHY,0.99836719337848,COOLING,0.0016328066215199398,0.99673438675696,HEALTHY
HEALTHY_007,HEALTHY_007_W0015,15.0,19.99,NONE,NONE,0.0,1.0,False,HEALTHY,0.9966666666666667,COOLING,0.0033333333333333335,0.9933333333333334,HEALTHY
HEALTHY_007,HEALTHY_007_W0016,16.0,20.99,NONE,NONE,0.0,1.0,False,HEALTHY,1.0,BEARING,0.0,1.0,HEALTHY
HEALTHY_007,HEALTHY_007_W0017,17.0,21.99,NONE,NONE,0.0,1.0,False,HEALTHY,0.9966666666666667,LUBRICATION,0.0033333333333333335,0.9933333333333334,HEALTHY
HEALTHY_007,HEALTHY_007_W0018,18.0,22.99,NONE,NONE,0.0,1.0,False,HEALTHY,0.9911927582534611,LUBRICATION,0.008807241746538871,0.9823855165069222,HEALTHY
HEALTHY_007,HEALTHY_007_W0019,19.0,23.99,NONE,NONE,0.0,1.0,False,HEALTHY,0.9654890292709695,LUBRICATION,0.029714152764139926,0.9357748765068296,HEALTHY
HEALTHY_007,HEALTHY_007_W0020,20.0,24.99,NONE,NONE,0.0,1.0,False,HEALTHY,0.9739677420685127,LUBRICATION,0.02391985483071217,0.9500478872378005,HEALTHY
HEALTHY_007,HEALTHY_007_W0021,21.0,25.99,NONE,NONE,0.0,1.0,False,HEALTHY,0.9690150766614606,LUBRICATION,0.028810593836623582,0.940204482824837,HEALTHY
HEALTHY_007,HEALTHY_007_W0022,22.0,26.99,NONE,NONE,0.0,1.0,False,HEALTHY,0.974066479930198,LUBRICATION,0.023759190567886224,0.9503072893623118,HEALTHY
HEALTHY_007,HEALTHY_007_W0023,23.0,27.99,NONE,NONE,0.0,1.0,False,HEALTHY,0.984066479930198,LUBRICATION,0.01375919056788622,0.9703072893623118,HEALTHY
HEALTHY_007,HEALTHY_007_W0024,24.0,28.99,NONE,NONE,0.0,1.0,False,HEALTHY,0.9862510953148134,LUBRICATION,0.011574575183270836,0.9746765201315425,HEALTHY
HEALTHY_007,HEALTHY_007_W0025,25.0,29.99,NONE,NONE,0.0,1.0,False,HEALTHY,0.988425424816729,LUBRICATION,0.011574575183270836,0.9768508496334581,HEALTHY
HEALTHY_007,HEALTHY_007_W0026,26.0,30.99,NONE,NONE,0.0,1.0,False,HEALTHY,0.9887994996746765,LUBRICATION,0.01120050032532364,0.9775989993493529,HEALTHY
HEALTHY_007,HEALTHY_007_W0027,27.0,31.99,NONE,NONE,0.0,1.0,False,HEALTHY,0.9951670220326937,LUBRICATION,0.004832977967306326,0.9903340440653874,HEALTHY
HEALTHY_007,HEALTHY_007_W0028,28.0,32.99,NONE,NONE,0.0,1.0,False,HEALTHY,0.9916,LUBRICATION,0.0084,0.9832000000000001,HEALTHY
HEALTHY_007,HEALTHY_007_W0029,29.0,33.99,NONE,NONE,0.0,1.0,False,HEALTHY,0.99,LUBRICATION,0.01,0.98,HEALTHY
HEALTHY_007,HEALTHY_007_W0030,30.0,34.99,NONE,NONE,0.0,1.0,False,HEALTHY,0.9866666666666667,LUBRICATION,0.013333333333333334,0.9733333333333334,HEALTHY
HEALTHY_007,HEALTHY_007_W0031,31.0,35.99,NONE,NONE,0.0,1.0,False,HEALTHY,0.99,LUBRICATION,0.01,0.98,HEALTHY
HEALTHY_007,HEALTHY_007_W0032,32.0,36.99,NONE,NONE,0.0,1.0,False,HEALTHY,0.9839518985276648,LUBRICATION,0.013873771970419429,0.9700781265572455,HEALTHY
HEALTHY_007,HEALTHY_007_W0033,33.0,37.99,NONE,NONE,0.0,1.0,False,HEALTHY,0.9910341365461849,LUBRICATION,0.00896586345381526,0.9820682730923697,HEALTHY
HEALTHY_007,HEALTHY_007_W0034,34.0,38.99,NONE,NONE,0.0,1.0,False,HEALTHY,0.997324414715719,LUBRICATION,0.0026755852842809363,0.9946488294314381,HEALTHY
HEALTHY_007,HEALTHY_007_W0035,35.0,39.99,NONE,NONE,0.0,1.0,False,HEALTHY,1.0,BEARING,0.0,1.0,HEALTHY
HEALTHY_007,HEALTHY_007_W0036,36.0,40.99,NONE,NONE,0.0,1.0,False,HEALTHY,0.9933333333333333,LUBRICATION,0.006666666666666667,0.9866666666666666,HEALTHY
HEALTHY_007,HEALTHY_007_W0037,37.0,41.99,NONE,NONE,0.0,1.0,False,HEALTHY,0.9917442719881744,LUBRICATION,0.006666666666666667,0.9850776053215077,HEALTHY
HEALTHY_007,HEALTHY_007_W0038,38.0,42.99,NONE,NONE,0.0,1.0,False,HEALTHY,0.9917442719881744,LUBRICATION,0.006666666666666667,0.9850776053215077,HEALTHY
HEALTHY_007,HEALTHY_007_W0039,39.0,43.99,NONE,NONE,0.0,1.0,False,HEALTHY,0.99,LUBRICATION,0.01,0.98,HEALTHY
HEALTHY_007,HEALTHY_007_W0040,40.0,44.99,NONE,NONE,0.0,1.0,False,HEALTHY,0.9863692270905022,LUBRICATION,0.013630772909497815,0.9727384541810045,HEALTHY
HEALTHY_007,HEALTHY_007_W0041,41.0,45.99,NONE,NONE,0.0,1.0,False,HEALTHY,0.981098696461825,LUBRICATION,0.018901303538175044,0.9621973929236499,HEALTHY
HEALTHY_007,HEALTHY_007_W0042,42.0,46.99,NONE,NONE,0.0,1.0,False,HEALTHY,0.991098696461825,LUBRICATION,0.008901303538175045,0.9821973929236499,HEALTHY
HEALTHY_007,HEALTHY_007_W0043,43.0,47.99,NONE,NONE,0.0,1.0,False,HEALTHY,0.9917442719881744,LUBRICATION,0.006666666666666667,0.9850776053215077,HEALTHY
HEALTHY_007,HEALTHY_007_W0044,44.0,48.99,NONE,NONE,0.0,1.0,False,HEALTHY,0.9966666666666667,LUBRICATION,0.0033333333333333335,0.9933333333333334,HEALTHY
HEALTHY_007,HEALTHY_007_W0045,45.0,49.99,NONE,NONE,0.0,1.0,False,HEALTHY,0.9978875968992247,COOLING,0.002112403100775194,0.9957751937984495,HEALTHY
HEALTHY_007,HEALTHY_007_W0046,46.0,50.99,NONE,NONE,0.0,1.0,False,HEALTHY,0.9944923371647509,LUBRICATION,0.0033333333333333335,0.9911590038314176,HEALTHY
HEALTHY_007,HEALTHY_007_W0047,47.0,51.99,NONE,NONE,0.0,1.0,False,HEALTHY,0.988376811594203,COOLING,0.008839662447257384,0.9795371491469456,HEALTHY
HEALTHY_007,HEALTHY_007_W0048,48.0,52.99,NONE,NONE,0.0,1.0,False,HEALTHY,0.9877653631284916,LUBRICATION,0.006728307757584329,0.9810370553709072,HEALTHY
HEALTHY_007,HEALTHY_007_W0049,49.0,53.99,NONE,NONE,0.0,1.0,False,HEALTHY,0.981098696461825,LUBRICATION,0.015567970204841712,0.9655307262569833,HEALTHY
HEALTHY_007,HEALTHY_007_W0050,50.0,54.99,NONE,NONE,0.0,1.0,False,HEALTHY,0.9711799410029497,LUBRICATION,0.018820058997050148,0.9523598820058995,HEALTHY
HEALTHY_007,HEALTHY_007_W0051,51.0,55.99,NONE,NONE,0.0,1.0,False,HEALTHY,0.9599067986571473,LUBRICATION,0.024567675817326984,0.9353391228398203,HEALTHY
HEALTHY_007,HEALTHY_007_W0052,52.0,56.99,NONE,NONE,0.0,1.0,False,HEALTHY,0.9567445636861616,LUBRICATION,0.02772991078831294,0.9290146528978487,HEALTHY
HEALTHY_007,HEALTHY_007_W0053,53.0,57.99,NONE,NONE,0.0,1.0,False,HEALTHY,0.9748283752860412,LUBRICATION,0.02183829138062548,0.9529900839054157,HEALTHY
HEALTHY_007,HEALTHY_007_W0054,54.0,58.99,NONE,NONE,0.0,1.0,False,HEALTHY,0.9614286813587372,LUBRICATION,0.035237985307929494,0.9261906960508076,HEALTHY
HEALTHY_007,HEALTHY_007_W0055,55.0,59.99,NONE,NONE,0.0,1.0,False,HEALTHY,0.9780953480254039,LUBRICATION,0.02190465197459616,0.9561906960508078,HEALTHY
HEALTHY_008,HEALTHY_008_W0000,0.0,4.99,NONE,NONE,0.0,1.0,False,HEALTHY,0.9560005065119654,COOLING,0.029515628718221745,0.9264848777937437,HEALTHY
HEALTHY_008,HEALTHY_008_W0001,1.0,5.99,NONE,NONE,0.0,1.0,False,HEALTHY,0.9428103459500043,COOLING,0.03546269194680798,0.9073476540031964,HEALTHY
HEALTHY_008,HEALTHY_008_W0002,2.0,6.99,NONE,NONE,0.0,1.0,False,HEALTHY,0.9122303340553944,COOLING,0.044390657057792084,0.8678396769976023,HEALTHY
HEALTHY_008,HEALTHY_008_W0003,3.0,7.99,NONE,NONE,0.0,1.0,False,HEALTHY,0.9284407269578026,COOLING,0.04105732372445876,0.8873834032333437,HEALTHY
HEALTHY_008,HEALTHY_008_W0004,4.0,8.99,NONE,NONE,0.0,1.0,False,HEALTHY,0.9496420258656394,LUBRICATION,0.029298879042332426,0.920343146823307,HEALTHY
HEALTHY_008,HEALTHY_008_W0005,5.0,9.99,NONE,NONE,0.0,1.0,False,HEALTHY,0.958051068669265,LUBRICATION,0.02245901639344262,0.9355920522758224,HEALTHY
HEALTHY_008,HEALTHY_008_W0006,6.0,10.99,NONE,NONE,0.0,1.0,False,HEALTHY,0.9894520083778593,LUBRICATION,0.008958930276981853,0.9804930781008775,HEALTHY
HEALTHY_008,HEALTHY_008_W0007,7.0,11.99,NONE,NONE,0.0,1.0,False,HEALTHY,0.9847492163230352,LUBRICATION,0.013661722331805709,0.9710874939912295,HEALTHY
HEALTHY_008,HEALTHY_008_W0008,8.0,12.99,NONE,NONE,0.0,1.0,False,HEALTHY,0.9659789966938761,COOLING,0.02383148558758315,0.9421475111062929,HEALTHY
HEALTHY_008,HEALTHY_008_W0009,9.0,13.99,NONE,NONE,0.0,1.0,False,HEALTHY,0.9700668061854386,LUBRICATION,0.018344132469402447,0.9517226737160361,HEALTHY
HEALTHY_008,HEALTHY_008_W0010,10.0,14.99,NONE,NONE,0.0,1.0,False,HEALTHY,0.9684109386548411,COOLING,0.021589061345158905,0.9468218773096821,HEALTHY
HEALTHY_008,HEALTHY_008_W0011,11.0,15.99,NONE,NONE,0.0,1.0,False,HEALTHY,0.9452344612199547,COOLING,0.0385551458776372,0.9066793153423175,HEALTHY
HEALTHY_008,HEALTHY_008_W0012,12.0,16.990000000000002,NONE,NONE,0.0,1.0,False,HEALTHY,0.9639890988548492,COOLING,0.024966139954853275,0.9390229588999959,HEALTHY
HEALTHY_008,HEALTHY_008_W0013,13.0,17.990000000000002,NONE,NONE,0.0,1.0,False,HEALTHY,0.9560749395578322,COOLING,0.032880299251870325,0.9231946403059619,HEALTHY
HEALTHY_008,HEALTHY_008_W0014,14.0,18.99,NONE,NONE,0.0,1.0,False,HEALTHY,0.9750524109014675,COOLING,0.02,0.9550524109014675,HEALTHY
HEALTHY_008,HEALTHY_008_W0015,15.0,19.99,NONE,NONE,0.0,1.0,False,HEALTHY,0.9966666666666667,LUBRICATION,0.0033333333333333335,0.9933333333333334,HEALTHY
HEALTHY_008,HEALTHY_008_W0016,16.0,20.99,NONE,NONE,0.0,1.0,False,HEALTHY,0.993978494623656,LUBRICATION,0.006021505376344087,0.9879569892473119,HEALTHY
HEALTHY_008,HEALTHY_008_W0017,17.0,21.99,NONE,NONE,0.0,1.0,False,HEALTHY,0.9891316240449042,LUBRICATION,0.005995070856438693,0.9831365531884655,HEALTHY
HEALTHY_008,HEALTHY_008_W0018,18.0,22.99,NONE,NONE,0.0,1.0,False,HEALTHY,0.9734932876581796,LUBRICATION,0.018300073909830007,0.9551932137483495,HEALTHY
HEALTHY_008,HEALTHY_008_W0019,19.0,23.99,NONE,NONE,0.0,1.0,False,HEALTHY,0.9577500245845562,LUBRICATION,0.02958942059024474,0.9281606039943114,HEALTHY
HEALTHY_008,HEALTHY_008_W0020,20.0,24.99,NONE,NONE,0.0,1.0,False,HEALTHY,0.9657152498824816,LUBRICATION,0.02396570858475261,0.941749541297729,HEALTHY
HEALTHY_008,HEALTHY_008_W0021,21.0,25.99,NONE,NONE,0.0,1.0,False,HEALTHY,0.955837715422025,COOLING,0.023647156904704203,0.9321905585173208,HEALTHY
HEALTHY_008,HEALTHY_008_W0022,22.0,26.99,NONE,NONE,0.0,1.0,False,HEALTHY,0.9749349590143491,LUBRICATION,0.015362751730423382,0.9595722072839258,HEALTHY
HEALTHY_008,HEALTHY_008_W0023,23.0,27.99,NONE,NONE,0.0,1.0,False,HEALTHY,0.9917969582485711,LUBRICATION,0.005548387096774194,0.9862485711517969,HEALTHY
HEALTHY_008,HEALTHY_008_W0024,24.0,28.99,NONE,NONE,0.0,1.0,False,HEALTHY,0.9906786786786786,LUBRICATION,0.006666666666666667,0.9840120120120119,HEALTHY
HEALTHY_008,HEALTHY_008_W0025,25.0,29.99,NONE,NONE,0.0,1.0,False,HEALTHY,0.994012012012012,LUBRICATION,0.0033333333333333335,0.9906786786786786,HEALTHY
HEALTHY_008,HEALTHY_008_W0026,26.0,30.99,NONE,NONE,0.0,1.0,False,HEALTHY,0.979007459775331,COOLING,0.010992540224669006,0.968014919550662,HEALTHY
HEALTHY_008,HEALTHY_008_W0027,27.0,31.99,NONE,NONE,0.0,1.0,False,HEALTHY,0.967279031319998,LUBRICATION,0.019554098953417278,0.9477249323665807,HEALTHY
HEALTHY_008,HEALTHY_008_W0028,28.0,32.99,NONE,NONE,0.0,1.0,False,HEALTHY,0.9826711872987496,LUBRICATION,0.015154483199334668,0.9675167040994149,HEALTHY
HEALTHY_008,HEALTHY_008_W0029,29.0,33.99,NONE,NONE,0.0,1.0,False,HEALTHY,0.9966666666666667,LUBRICATION,0.0033333333333333335,0.9933333333333334,HEALTHY
HEALTHY_008,HEALTHY_008_W0030,30.0,34.99,NONE,NONE,0.0,1.0,False,HEALTHY,0.9925958011003582,LUBRICATION,0.004070865566308581,0.9885249355340496,HEALTHY
HEALTHY_008,HEALTHY_008_W0031,31.0,35.99,NONE,NONE,0.0,1.0,False,HEALTHY,0.9927015325670496,LUBRICATION,0.0072984674329501925,0.9854030651340995,HEALTHY
HEALTHY_008,HEALTHY_008_W0032,32.0,36.99,NONE,NONE,0.0,1.0,False,HEALTHY,0.9982666666666667,LUBRICATION,0.0017333333333333335,0.9965333333333334,HEALTHY
HEALTHY_008,HEALTHY_008_W0033,33.0,37.99,NONE,NONE,0.0,1.0,False,HEALTHY,0.9949333333333334,LUBRICATION,0.005066666666666666,0.9898666666666668,HEALTHY
HEALTHY_008,HEALTHY_008_W0034,34.0,38.99,NONE,NONE,0.0,1.0,False,HEALTHY,0.9902233264143001,LUBRICATION,0.005066666666666666,0.9851566597476334,HEALTHY
HEALTHY_008,HEALTHY_008_W0035,35.0,39.99,NONE,NONE,0.0,1.0,False,HEALTHY,0.9982666666666667,LUBRICATION,0.0017333333333333335,0.9965333333333334,HEALTHY
HEALTHY_008,HEALTHY_008_W0036,36.0,40.99,NONE,NONE,0.0,1.0,False,HEALTHY,0.9966666666666667,LUBRICATION,0.0033333333333333335,0.9933333333333334,HEALTHY
HEALTHY_008,HEALTHY_008_W0037,37.0,41.99,NONE,NONE,0.0,1.0,False,HEALTHY,0.994012012012012,LUBRICATION,0.0033333333333333335,0.9906786786786786,HEALTHY
HEALTHY_008,HEALTHY_008_W0038,38.0,42.99,NONE,NONE,0.0,1.0,False,HEALTHY,0.994012012012012,LUBRICATION,0.0033333333333333335,0.9906786786786786,HEALTHY
HEALTHY_008,HEALTHY_008_W0039,39.0,43.99,NONE,NONE,0.0,1.0,False,HEALTHY,0.9858129351382363,LUBRICATION,0.00934021801491681,0.9764727171233195,HEALTHY
HEALTHY_008,HEALTHY_008_W0040,40.0,44.99,NONE,NONE,0.0,1.0,False,HEALTHY,0.9922572227399814,LUBRICATION,0.005088122605363985,0.9871691001346174,HEALTHY
HEALTHY_008,HEALTHY_008_W0041,41.0,45.99,NONE,NONE,0.0,1.0,False,HEALTHY,0.9982666666666667,LUBRICATION,0.0017333333333333335,0.9965333333333334,HEALTHY
HEALTHY_008,HEALTHY_008_W0042,42.0,46.99,NONE,NONE,0.0,1.0,False,HEALTHY,0.9877653631284916,LUBRICATION,0.01050680812533101,0.9772585550031606,HEALTHY
HEALTHY_008,HEALTHY_008_W0043,43.0,47.99,NONE,NONE,0.0,1.0,False,HEALTHY,0.9861067479916157,LUBRICATION,0.012165423262207016,0.9739413247294086,HEALTHY
HEALTHY_008,HEALTHY_008_W0044,44.0,48.99,NONE,NONE,0.0,1.0,False,HEALTHY,0.99,LUBRICATION,0.00827217125382263,0.9817278287461774,HEALTHY
HEALTHY_008,HEALTHY_008_W0045,45.0,49.99,NONE,NONE,0.0,1.0,False,HEALTHY,0.9880095610604085,LUBRICATION,0.010262610193414113,0.9777469508669944,HEALTHY
HEALTHY_008,HEALTHY_008_W0046,46.0,50.99,NONE,NONE,0.0,1.0,False,HEALTHY,0.9839822518025513,LUBRICATION,0.00827217125382263,0.9757100805487287,HEALTHY
HEALTHY_008,HEALTHY_008_W0047,47.0,51.99,NONE,NONE,0.0,1.0,False,HEALTHY,0.9916975308641974,LUBRICATION,0.004969135802469136,0.9867283950617283,HEALTHY
HEALTHY_008,HEALTHY_008_W0048,48.0,52.99,NONE,NONE,0.0,1.0,False,HEALTHY,0.9903827418232428,LUBRICATION,0.006283924843423799,0.984098816979819,HEALTHY
HEALTHY_008,HEALTHY_008_W0049,49.0,53.99,NONE,NONE,0.0,1.0,False,HEALTHY,0.9866666666666667,COOLING,0.006666666666666667,0.98,HEALTHY
HEALTHY_008,HEALTHY_008_W0050,50.0,54.99,NONE,NONE,0.0,1.0,False,HEALTHY,0.9833333333333333,COOLING,0.013333333333333334,0.97,HEALTHY
HEALTHY_008,HEALTHY_008_W0051,51.0,55.99,NONE,NONE,0.0,1.0,False,HEALTHY,0.9804852456885073,COOLING,0.01,0.9704852456885072,HEALTHY
HEALTHY_008,HEALTHY_008_W0052,52.0,56.99,NONE,NONE,0.0,1.0,False,HEALTHY,0.9780720240257995,COOLING,0.013333333333333334,0.9647386906924662,HEALTHY
HEALTHY_008,HEALTHY_008_W0053,53.0,57.99,NONE,NONE,0.0,1.0,False,HEALTHY,0.9954464838486471,LUBRICATION,0.002310717797443461,0.9931357660512037,HEALTHY
HEALTHY_008,HEALTHY_008_W0054,54.0,58.99,NONE,NONE,0.0,1.0,False,HEALTHY,1.0,BEARING,0.0,1.0,HEALTHY
HEALTHY_008,HEALTHY_008_W0055,55.0,59.99,NONE,NONE,0.0,1.0,False,HEALTHY,0.9866666666666667,LUBRICATION,0.007827004219409283,0.9788396624472574,HEALTHY
HEALTHY_009,HEALTHY_009_W0000,0.0,4.99,NONE,NONE,0.0,1.0,False,HEALTHY,0.9490041393505669,COOLING,0.025608204122273312,0.9233959352282937,HEALTHY
HEALTHY_009,HEALTHY_009_W0001,1.0,5.99,NONE,NONE,0.0,1.0,False,HEALTHY,0.9603653149112786,LUBRICATION,0.020693147633114868,0.9396721672781637,HEALTHY
HEALTHY_009,HEALTHY_009_W0002,2.0,6.99,NONE,NONE,0.0,1.0,False,HEALTHY,0.9529982002867647,COOLING,0.02395282310504828,0.9290453771817164,HEALTHY
HEALTHY_009,HEALTHY_009_W0003,3.0,7.99,NONE,NONE,0.0,1.0,False,HEALTHY,0.9694614637191749,LUBRICATION,0.016674949827445665,0.9527865138917292,HEALTHY
HEALTHY_009,HEALTHY_009_W0004,4.0,8.99,NONE,NONE,0.0,1.0,False,HEALTHY,0.9638193595984175,LUBRICATION,0.020603257889933908,0.9432161017084836,HEALTHY
HEALTHY_009,HEALTHY_009_W0005,5.0,9.99,NONE,NONE,0.0,1.0,False,HEALTHY,0.9506054193852053,LUBRICATION,0.02715053143647963,0.9234548879487257,HEALTHY
HEALTHY_009,HEALTHY_009_W0006,6.0,10.99,NONE,NONE,0.0,1.0,False,HEALTHY,0.9430019933354447,COOLING,0.028897143500359334,0.9141048498350853,HEALTHY
HEALTHY_009,HEALTHY_009_W0007,7.0,11.99,NONE,NONE,0.0,1.0,False,HEALTHY,0.9354356279290316,LUBRICATION,0.035392540480968716,0.9000430874480628,HEALTHY
HEALTHY_009,HEALTHY_009_W0008,8.0,12.99,NONE,NONE,0.0,1.0,False,HEALTHY,0.9776813496257369,LUBRICATION,0.018985317040929713,0.9586960325848072,HEALTHY
HEALTHY_009,HEALTHY_009_W0009,9.0,13.99,NONE,NONE,0.0,1.0,False,HEALTHY,0.9788674158940639,LUBRICATION,0.016071422026425437,0.9627959938676385,HEALTHY
HEALTHY_009,HEALTHY_009_W0010,10.0,14.99,NONE,NONE,0.0,1.0,False,HEALTHY,0.9788674158940639,LUBRICATION,0.01940475535975877,0.9594626605343052,HEALTHY
HEALTHY_009,HEALTHY_009_W0011,11.0,15.99,NONE,NONE,0.0,1.0,False,HEALTHY,0.9672917168408407,LUBRICATION,0.029347647791462084,0.9379440690493787,HEALTHY
HEALTHY_009,HEALTHY_009_W0012,12.0,16.990000000000002,NONE,NONE,0.0,1.0,False,HEALTHY,0.9808970952007472,COOLING,0.010956815945529264,0.969940279255218,HEALTHY
HEALTHY_009,HEALTHY_009_W0013,13.0,17.990000000000002,NONE,NONE,0.0,1.0,False,HEALTHY,0.9874864235613976,COOLING,0.009324009324009324,0.9781624142373883,HEALTHY
HEALTHY_009,HEALTHY_009_W0014,14.0,18.99,NONE,NONE,0.0,1.0,False,HEALTHY,0.9878343046493168,LUBRICATION,0.006175019360007442,0.9816592852893093,HEALTHY
HEALTHY_009,HEALTHY_009_W0015,15.0,19.99,NONE,NONE,0.0,1.0,False,HEALTHY,0.992891828259401,LUBRICATION,0.007108171740598907,0.9857836565188022,HEALTHY
HEALTHY_009,HEALTHY_009_W0016,16.0,20.99,NONE,NONE,0.0,1.0,False,HEALTHY,0.9868531884066882,LUBRICATION,0.013146811593311897,0.9737063768133764,HEALTHY
HEALTHY_009,HEALTHY_009_W0017,17.0,21.99,NONE,NONE,0.0,1.0,False,HEALTHY,0.9767940142920031,LUBRICATION,0.020478198498036438,0.9563158157939666,HEALTHY
HEALTHY_009,HEALTHY_009_W0018,18.0,22.99,NONE,NONE,0.0,1.0,False,HEALTHY,0.9767521658758509,LUBRICATION,0.019914500790815633,0.9568376650850353,HEALTHY
HEALTHY_009,HEALTHY_009_W0019,19.0,23.99,NONE,NONE,0.0,1.0,False,HEALTHY,0.9563712712000187,COOLING,0.023879766669034706,0.9324915045309841,HEALTHY
HEALTHY_009,HEALTHY_009_W0020,20.0,24.99,NONE,NONE,0.0,1.0,False,HEALTHY,0.9721347355490839,COOLING,0.015549188156638015,0.956585547392446,HEALTHY
HEALTHY_009,HEALTHY_009_W0021,21.0,25.99,NONE,NONE,0.0,1.0,False,HEALTHY,0.9549869527356118,COOLING,0.02721310000236804,0.9277738527332438,HEALTHY
HEALTHY_009,HEALTHY_009_W0022,22.0,26.99,NONE,NONE,0.0,1.0,False,HEALTHY,0.9628522171865279,COOLING,0.024997245179063363,0.9378549720074646,HEALTHY
HEALTHY_009,HEALTHY_009_W0023,23.0,27.99,NONE,NONE,0.0,1.0,False,HEALTHY,0.981090909090909,LUBRICATION,0.013333333333333334,0.9677575757575757,HEALTHY
HEALTHY_009,HEALTHY_009_W0024,24.0,28.99,NONE,NONE,0.0,1.0,False,HEALTHY,0.9843505903723887,LUBRICATION,0.01564940962761126,0.9687011807447774,HEALTHY
HEALTHY_009,HEALTHY_009_W0025,25.0,29.99,NONE,NONE,0.0,1.0,False,HEALTHY,0.9928347206911043,LUBRICATION,0.007165279308895593,0.9856694413822088,HEALTHY
HEALTHY_009,HEALTHY_009_W0026,26.0,30.99,NONE,NONE,0.0,1.0,False,HEALTHY,0.9941776150848463,LUBRICATION,0.005822384915153742,0.9883552301696925,HEALTHY
HEALTHY_009,HEALTHY_009_W0027,27.0,31.99,NONE,NONE,0.0,1.0,False,HEALTHY,0.9808442817515128,LUBRICATION,0.009155718248487075,0.9716885635030258,HEALTHY
HEALTHY_009,HEALTHY_009_W0028,28.0,32.99,NONE,NONE,0.0,1.0,False,HEALTHY,0.9828347206911043,BEARING,0.008829311885612154,0.9740054088054921,HEALTHY
HEALTHY_009,HEALTHY_009_W0029,29.0,33.99,NONE,NONE,0.0,1.0,False,HEALTHY,0.9828347206911043,BEARING,0.008829311885612154,0.9740054088054921,HEALTHY
HEALTHY_009,HEALTHY_009_W0030,30.0,34.99,NONE,NONE,0.0,1.0,False,HEALTHY,0.9765259061502388,LUBRICATION,0.010140760516427946,0.9663851456338108,HEALTHY
HEALTHY_009,HEALTHY_009_W0031,31.0,35.99,NONE,NONE,0.0,1.0,False,HEALTHY,0.9808442817515128,LUBRICATION,0.009155718248487075,0.9716885635030258,HEALTHY
HEALTHY_009,HEALTHY_009_W0032,32.0,36.99,NONE,NONE,0.0,1.0,False,HEALTHY,0.9925123673780389,LUBRICATION,0.004832977967306326,0.9876793894107326,HEALTHY
HEALTHY_009,HEALTHY_009_W0033,33.0,37.99,NONE,NONE,0.0,1.0,False,HEALTHY,0.9934122327606629,LUBRICATION,0.006587767239336977,0.986824465521326,HEALTHY
HEALTHY_009,HEALTHY_009_W0034,34.0,38.99,NONE,NONE,0.0,1.0,False,HEALTHY,0.9934122327606629,LUBRICATION,0.006587767239336977,0.986824465521326,HEALTHY
HEALTHY_009,HEALTHY_009_W0035,35.0,39.99,NONE,NONE,0.0,1.0,False,HEALTHY,0.9859953230788301,LUBRICATION,0.01400467692116985,0.9719906461576603,HEALTHY
HEALTHY_009,HEALTHY_009_W0036,36.0,40.99,NONE,NONE,0.0,1.0,False,HEALTHY,0.9925795760530468,LUBRICATION,0.007420423946953253,0.9851591521060935,HEALTHY
HEALTHY_009,HEALTHY_009_W0037,37.0,41.99,NONE,NONE,0.0,1.0,False,HEALTHY,0.9925795760530468,LUBRICATION,0.007420423946953253,0.9851591521060935,HEALTHY
HEALTHY_009,HEALTHY_009_W0038,38.0,42.99,NONE,NONE,0.0,1.0,False,HEALTHY,0.9915785440613027,LUBRICATION,0.008421455938697319,0.9831570881226054,HEALTHY
HEALTHY_009,HEALTHY_009_W0039,39.0,43.99,NONE,NONE,0.0,1.0,False,HEALTHY,0.9897402526806771,LUBRICATION,0.010259747319322795,0.9794805053613543,HEALTHY
HEALTHY_009,HEALTHY_009_W0040,40.0,44.99,NONE,NONE,0.0,1.0,False,HEALTHY,0.9949118773946362,LUBRICATION,0.005088122605363985,0.9898237547892722,HEALTHY
HEALTHY_009,HEALTHY_009_W0041,41.0,45.99,NONE,NONE,0.0,1.0,False,HEALTHY,0.9864067227554608,LUBRICATION,0.011754789272030651,0.9746519334834302,HEALTHY
HEALTHY_009,HEALTHY_009_W0042,42.0,46.99,NONE,NONE,0.0,1.0,False,HEALTHY,0.9881617086193745,LUBRICATION,0.011838291380625476,0.9763234172387489,HEALTHY
HEALTHY_009,HEALTHY_009_W0043,43.0,47.99,NONE,NONE,0.0,1.0,False,HEALTHY,0.9866666666666667,LUBRICATION,0.013333333333333334,0.9733333333333334,HEALTHY
HEALTHY_009,HEALTHY_009_W0044,44.0,48.99,NONE,NONE,0.0,1.0,False,HEALTHY,0.9852495217334536,LUBRICATION,0.012558286074354127,0.9726912356590994,HEALTHY
HEALTHY_009,HEALTHY_009_W0045,45.0,49.99,NONE,NONE,0.0,1.0,False,HEALTHY,0.9864929796075451,LUBRICATION,0.011332690890539086,0.975160288717006,HEALTHY
HEALTHY_009,HEALTHY_009_W0046,46.0,50.99,NONE,NONE,0.0,1.0,False,HEALTHY,0.9780359218771061,LUBRICATION,0.019789748620978112,0.9582461732561279,HEALTHY
HEALTHY_009,HEALTHY_009_W0047,47.0,51.99,NONE,NONE,0.0,1.0,False,HEALTHY,0.9805854606398907,LUBRICATION,0.010573543191526768,0.9700119174483639,HEALTHY
HEALTHY_009,HEALTHY_009_W0048,48.0,52.99,NONE,NONE,0.0,1.0,False,HEALTHY,0.9798654488291576,LUBRICATION,0.014626888335593108,0.9652385604935645,HEALTHY
HEALTHY_009,HEALTHY_009_W0049,49.0,53.99,NONE,NONE,0.0,1.0,False,HEALTHY,0.9788644168374135,LUBRICATION,0.015627920327337175,0.9632364965100764,HEALTHY
HEALTHY_009,HEALTHY_009_W0050,50.0,54.99,NONE,NONE,0.0,1.0,False,HEALTHY,0.96456514322708,LUBRICATION,0.02689735241713778,0.9376677908099422,HEALTHY
HEALTHY_009,HEALTHY_009_W0051,51.0,55.99,NONE,NONE,0.0,1.0,False,HEALTHY,0.9649812804241763,COOLING,0.018728793442852675,0.9462524869813236,HEALTHY
HEALTHY_009,HEALTHY_009_W0052,52.0,56.99,NONE,NONE,0.0,1.0,False,HEALTHY,0.9515706281654671,LUBRICATION,0.026108096648665903,0.9254625315168012,HEALTHY
HEALTHY_009,HEALTHY_009_W0053,53.0,57.99,NONE,NONE,0.0,1.0,False,HEALTHY,0.9659503689960289,LUBRICATION,0.01723601865335275,0.9487143503426761,HEALTHY
HEALTHY_009,HEALTHY_009_W0054,54.0,58.99,NONE,NONE,0.0,1.0,False,HEALTHY,0.9673620295138655,COOLING,0.017999318063299772,0.9493627114505657,HEALTHY
HEALTHY_009,HEALTHY_009_W0055,55.0,59.99,NONE,NONE,0.0,1.0,False,HEALTHY,0.964478834354727,COOLING,0.021332651396633106,0.9431461829580939,HEALTHY
LUBRICATION_SEV080,LUBRICATION_SEV080_W0000,0.0,4.99,LUBRICATION,LUBRICATION_SYSTEM,0.8,0.1999999999999999,True,BEARING,0.441364815166459,CYLINDER,0.30530185150020767,0.1360629636662513,LUBRICATION
LUBRICATION_SEV080,LUBRICATION_SEV080_W0001,1.0,5.99,LUBRICATION,LUBRICATION_SYSTEM,0.8,0.1999999999999999,True,BEARING,0.441364815166459,CYLINDER,0.30530185150020767,0.1360629636662513,LUBRICATION
LUBRICATION_SEV080,LUBRICATION_SEV080_W0002,2.0,6.99,LUBRICATION,LUBRICATION_SYSTEM,0.8,0.1999999999999999,True,BEARING,0.4380314818331256,CYLINDER,0.308635184833541,0.1293962969995846,LUBRICATION
LUBRICATION_SEV080,LUBRICATION_SEV080_W0003,3.0,7.99,LUBRICATION,LUBRICATION_SYSTEM,0.8,0.1999999999999999,True,BEARING,0.451364815166459,CYLINDER,0.29530185150020766,0.15606296366625133,LUBRICATION
LUBRICATION_SEV080,LUBRICATION_SEV080_W0004,4.0,8.99,LUBRICATION,LUBRICATION_SYSTEM,0.8,0.1999999999999999,True,BEARING,0.441364815166459,CYLINDER,0.30530185150020767,0.1360629636662513,LUBRICATION
LUBRICATION_SEV080,LUBRICATION_SEV080_W0005,5.0,9.99,LUBRICATION,LUBRICATION_SYSTEM,0.8,0.1999999999999999,True,BEARING,0.441364815166459,CYLINDER,0.30530185150020767,0.1360629636662513,LUBRICATION
LUBRICATION_SEV080,LUBRICATION_SEV080_W0006,6.0,10.99,LUBRICATION,LUBRICATION_SYSTEM,0.8,0.1999999999999999,True,CYLINDER,0.4264737659276926,BEARING,0.3035262340723074,0.1229475318553852,LUBRICATION
LUBRICATION_SEV080,LUBRICATION_SEV080_W0007,7.0,11.99,LUBRICATION,LUBRICATION_SYSTEM,0.8,0.1999999999999999,True,CYLINDER,0.4565745441745452,BEARING,0.28675878915878816,0.16981575501575702,LUBRICATION
LUBRICATION_SEV080,LUBRICATION_SEV080_W0008,8.0,12.99,LUBRICATION,LUBRICATION_SYSTEM,0.8,0.1999999999999999,True,CYLINDER,0.46546028543988976,BEARING,0.2778730478934436,0.18758723754644618,LUBRICATION
LUBRICATION_SEV080,LUBRICATION_SEV080_W0009,9.0,13.99,LUBRICATION,LUBRICATION_SYSTEM,0.8,0.1999999999999999,True,CYLINDER,0.4590768691752505,BEARING,0.2842564641580828,0.17482040501716767,LUBRICATION
LUBRICATION_SEV080,LUBRICATION_SEV080_W0010,10.0,14.99,LUBRICATION,LUBRICATION_SYSTEM,0.8,0.1999999999999999,True,CYLINDER,0.45694085384958005,BEARING,0.2863924794837533,0.17054837436582676,LUBRICATION
LUBRICATION_SEV080,LUBRICATION_SEV080_W0011,11.0,15.99,LUBRICATION,LUBRICATION_SYSTEM,0.8,0.1999999999999999,True,CYLINDER,0.45751851837161667,BEARING,0.2858148149617166,0.17170370340990004,LUBRICATION
LUBRICATION_SEV080,LUBRICATION_SEV080_W0012,12.0,16.990000000000002,LUBRICATION,LUBRICATION_SYSTEM,0.8,0.1999999999999999,True,BEARING,0.3994954587426668,CYLINDER,0.33717120792399985,0.06232425081866694,LUBRICATION
LUBRICATION_SEV080,LUBRICATION_SEV080_W0013,13.0,17.990000000000002,LUBRICATION,LUBRICATION_SYSTEM,0.8,0.1999999999999999,True,BEARING,0.3840936735121256,CYLINDER,0.33590632648787444,0.04818734702425115,LUBRICATION
LUBRICATION_SEV080,LUBRICATION_SEV080_W0014,14.0,18.99,LUBRICATION,LUBRICATION_SYSTEM,0.8,0.1999999999999999,True,BEARING,0.4312588561551466,LUBRICATION,0.4033333333333333,0.027925522821813265,LUBRICATION
LUBRICATION_SEV080,LUBRICATION_SEV080_W0015,15.0,19.99,LUBRICATION,LUBRICATION_SYSTEM,0.8,0.1999999999999999,True,LUBRICATION,0.48612883133459756,BEARING,0.38666666666666666,0.0994621646679309,LUBRICATION
LUBRICATION_SEV080,LUBRICATION_SEV080_W0016,16.0,20.99,LUBRICATION,LUBRICATION_SYSTEM,0.8,0.1999999999999999,True,LUBRICATION,0.4940644373952036,BEARING,0.38666666666666666,0.10739777072853696,LUBRICATION
LUBRICATION_SEV080,LUBRICATION_SEV080_W0017,17.0,21.99,LUBRICATION,LUBRICATION_SYSTEM,0.8,0.1999999999999999,True,LUBRICATION,0.49288449639225385,BEARING,0.38499646142958244,0.10788803496267141,LUBRICATION
LUBRICATION_SEV080,LUBRICATION_SEV080_W0018,18.0,22.99,LUBRICATION,LUBRICATION_SYSTEM,0.8,0.1999999999999999,True,LUBRICATION,0.49040636228146667,BEARING,0.38666666666666666,0.10373969561480001,LUBRICATION
LUBRICATION_SEV080,LUBRICATION_SEV080_W0019,19.0,23.99,LUBRICATION,LUBRICATION_SYSTEM,0.8,0.1999999999999999,True,LUBRICATION,0.4907793995191607,BEARING,0.38333333333333336,0.10744606618582736,LUBRICATION
LUBRICATION_SEV080,LUBRICATION_SEV080_W0020,20.0,24.99,LUBRICATION,LUBRICATION_SYSTEM,0.8,0.1999999999999999,True,LUBRICATION,0.5237054911059551,BEARING,0.36,0.16370549110595511,LUBRICATION
LUBRICATION_SEV080,LUBRICATION_SEV080_W0021,21.0,25.99,LUBRICATION,LUBRICATION_SYSTEM,0.8,0.1999999999999999,True,LUBRICATION,0.4831127709822956,BEARING,0.38666666666666666,0.09644610431562894,LUBRICATION
LUBRICATION_SEV080,LUBRICATION_SEV080_W0022,22.0,26.99,LUBRICATION,LUBRICATION_SYSTEM,0.8,0.1999999999999999,True,LUBRICATION,0.4842124220980584,BEARING,0.38666666666666666,0.09754575543139177,LUBRICATION
LUBRICATION_SEV080,LUBRICATION_SEV080_W0023,23.0,27.99,LUBRICATION,LUBRICATION_SYSTEM,0.8,0.1999999999999999,True,LUBRICATION,0.4808790887647251,BEARING,0.38666666666666666,0.09421242209805847,LUBRICATION
LUBRICATION_SEV080,LUBRICATION_SEV080_W0024,24.0,28.99,LUBRICATION,LUBRICATION_SYSTEM,0.8,0.1999999999999999,True,LUBRICATION,0.49247813411078717,BEARING,0.38666666666666666,0.10581146744412051,LUBRICATION
LUBRICATION_SEV080,LUBRICATION_SEV080_W0025,25.0,29.99,LUBRICATION,LUBRICATION_SYSTEM,0.8,0.1999999999999999,True,LUBRICATION,0.5033333333333333,BEARING,0.38666666666666666,0.11666666666666664,LUBRICATION
LUBRICATION_SEV080,LUBRICATION_SEV080_W0026,26.0,30.99,LUBRICATION,LUBRICATION_SYSTEM,0.8,0.1999999999999999,True,LUBRICATION,0.5033333333333333,BEARING,0.38666666666666666,0.11666666666666664,LUBRICATION
LUBRICATION_SEV080,LUBRICATION_SEV080_W0027,27.0,31.99,LUBRICATION,LUBRICATION_SYSTEM,0.8,0.1999999999999999,True,LUBRICATION,0.5,BEARING,0.38666666666666666,0.11333333333333334,LUBRICATION
LUBRICATION_SEV080,LUBRICATION_SEV080_W0028,28.0,32.99,LUBRICATION,LUBRICATION_SYSTEM,0.8,0.1999999999999999,True,LUBRICATION,0.4991448007774539,BEARING,0.38666666666666666,0.11247813411078722,LUBRICATION
LUBRICATION_SEV080,LUBRICATION_SEV080_W0029,29.0,33.99,LUBRICATION,LUBRICATION_SYSTEM,0.8,0.1999999999999999,True,LUBRICATION,0.4991448007774539,BEARING,0.38666666666666666,0.11247813411078722,LUBRICATION
LUBRICATION_SEV080,LUBRICATION_SEV080_W0030,30.0,34.99,LUBRICATION,LUBRICATION_SYSTEM,0.8,0.1999999999999999,True,LUBRICATION,0.5045425280501812,BEARING,0.38333333333333336,0.12120919471684782,LUBRICATION
LUBRICATION_SEV080,LUBRICATION_SEV080_W0031,31.0,35.99,LUBRICATION,LUBRICATION_SYSTEM,0.8,0.1999999999999999,True,LUBRICATION,0.5334410787748188,BEARING,0.36,0.17344107877481885,LUBRICATION
LUBRICATION_SEV080,LUBRICATION_SEV080_W0032,32.0,36.99,LUBRICATION,LUBRICATION_SYSTEM,0.8,0.1999999999999999,True,LUBRICATION,0.5455652173913044,BEARING,0.33666666666666667,0.2088985507246377,LUBRICATION
LUBRICATION_SEV080,LUBRICATION_SEV080_W0033,33.0,37.99,LUBRICATION,LUBRICATION_SYSTEM,0.8,0.1999999999999999,True,LUBRICATION,0.5672995053785757,BEARING,0.32,0.24729950537857565,LUBRICATION
LUBRICATION_SEV080,LUBRICATION_SEV080_W0034,34.0,38.99,LUBRICATION,LUBRICATION_SYSTEM,0.8,0.1999999999999999,True,LUBRICATION,0.5791448007774539,BEARING,0.32,0.2591448007774539,LUBRICATION
LUBRICATION_SEV080,LUBRICATION_SEV080_W0035,35.0,39.99,LUBRICATION,LUBRICATION_SYSTEM,0.8,0.1999999999999999,True,LUBRICATION,0.5858114674441205,BEARING,0.32,0.2658114674441205,LUBRICATION
LUBRICATION_SEV080,LUBRICATION_SEV080_W0036,36.0,40.99,LUBRICATION,LUBRICATION_SYSTEM,0.8,0.1999999999999999,True,LUBRICATION,0.5791448007774539,BEARING,0.32,0.2591448007774539,LUBRICATION
LUBRICATION_SEV080,LUBRICATION_SEV080_W0037,37.0,41.99,LUBRICATION,LUBRICATION_SYSTEM,0.8,0.1999999999999999,True,LUBRICATION,0.5842961947056775,BEARING,0.32,0.2642961947056775,LUBRICATION
LUBRICATION_SEV080,LUBRICATION_SEV080_W0038,38.0,42.99,LUBRICATION,LUBRICATION_SYSTEM,0.8,0.1999999999999999,True,LUBRICATION,0.5977970181575879,BEARING,0.32,0.2777970181575879,LUBRICATION
LUBRICATION_SEV080,LUBRICATION_SEV080_W0039,39.0,43.99,LUBRICATION,LUBRICATION_SYSTEM,0.8,0.1999999999999999,True,LUBRICATION,0.5955652173913044,BEARING,0.32,0.2755652173913044,LUBRICATION
LUBRICATION_SEV080,LUBRICATION_SEV080_W0040,40.0,44.99,LUBRICATION,LUBRICATION_SYSTEM,0.8,0.1999999999999999,True,LUBRICATION,0.5955217746755437,BEARING,0.32,0.2755217746755437,LUBRICATION
LUBRICATION_SEV080,LUBRICATION_SEV080_W0041,41.0,45.99,LUBRICATION,LUBRICATION_SYSTEM,0.8,0.1999999999999999,True,LUBRICATION,0.5913766848354248,BEARING,0.32,0.2713766848354248,LUBRICATION
LUBRICATION_SEV080,LUBRICATION_SEV080_W0042,42.0,46.99,LUBRICATION,LUBRICATION_SYSTEM,0.8,0.1999999999999999,True,LUBRICATION,0.5880433515020915,BEARING,0.32,0.2680433515020915,LUBRICATION
LUBRICATION_SEV080,LUBRICATION_SEV080_W0043,43.0,47.99,LUBRICATION,LUBRICATION_SYSTEM,0.8,0.1999999999999999,True,LUBRICATION,0.5918410787748188,BEARING,0.32,0.27184107877481883,LUBRICATION
LUBRICATION_SEV080,LUBRICATION_SEV080_W0044,44.0,48.99,LUBRICATION,LUBRICATION_SYSTEM,0.8,0.1999999999999999,True,LUBRICATION,0.5929425280501812,BEARING,0.32,0.2729425280501812,LUBRICATION
LUBRICATION_SEV080,LUBRICATION_SEV080_W0045,45.0,49.99,LUBRICATION,LUBRICATION_SYSTEM,0.8,0.1999999999999999,True,LUBRICATION,0.6,BEARING,0.32,0.27999999999999997,LUBRICATION
LUBRICATION_SEV080,LUBRICATION_SEV080_W0046,46.0,50.99,LUBRICATION,LUBRICATION_SYSTEM,0.8,0.1999999999999999,True,LUBRICATION,0.5033333333333333,BEARING,0.38666666666666666,0.11666666666666664,LUBRICATION
LUBRICATION_SEV080,LUBRICATION_SEV080_W0047,47.0,51.99,LUBRICATION,LUBRICATION_SYSTEM,0.8,0.1999999999999999,True,LUBRICATION,0.5016231884057971,BEARING,0.38666666666666666,0.11495652173913046,LUBRICATION
LUBRICATION_SEV080,LUBRICATION_SEV080_W0048,48.0,52.99,LUBRICATION,LUBRICATION_SYSTEM,0.8,0.1999999999999999,True,LUBRICATION,0.5033333333333333,BEARING,0.38333333333333336,0.11999999999999994,LUBRICATION
LUBRICATION_SEV080,LUBRICATION_SEV080_W0049,49.0,53.99,LUBRICATION,LUBRICATION_SYSTEM,0.8,0.1999999999999999,True,LUBRICATION,0.5017342879872714,BEARING,0.38333333333333336,0.11840095465393802,LUBRICATION
LUBRICATION_SEV080,LUBRICATION_SEV080_W0050,50.0,54.99,LUBRICATION,LUBRICATION_SYSTEM,0.8,0.1999999999999999,True,LUBRICATION,0.5017342879872714,BEARING,0.38333333333333336,0.11840095465393802,LUBRICATION
LUBRICATION_SEV080,LUBRICATION_SEV080_W0051,51.0,55.99,LUBRICATION,LUBRICATION_SYSTEM,0.8,0.1999999999999999,True,LUBRICATION,0.4766666666666667,BEARING,0.38333333333333336,0.09333333333333332,LUBRICATION
LUBRICATION_SEV080,LUBRICATION_SEV080_W0052,52.0,56.99,LUBRICATION,LUBRICATION_SYSTEM,0.8,0.1999999999999999,True,LUBRICATION,0.475792349726776,BEARING,0.38333333333333336,0.09245901639344262,LUBRICATION
LUBRICATION_SEV080,LUBRICATION_SEV080_W0053,53.0,57.99,LUBRICATION,LUBRICATION_SYSTEM,0.8,0.1999999999999999,True,LUBRICATION,0.475792349726776,BEARING,0.38333333333333336,0.09245901639344262,LUBRICATION
LUBRICATION_SEV080,LUBRICATION_SEV080_W0054,54.0,58.99,LUBRICATION,LUBRICATION_SYSTEM,0.8,0.1999999999999999,True,LUBRICATION,0.4791256830601093,BEARING,0.38333333333333336,0.09579234972677592,LUBRICATION
LUBRICATION_SEV080,LUBRICATION_SEV080_W0055,55.0,59.99,LUBRICATION,LUBRICATION_SYSTEM,0.8,0.1999999999999999,True,LUBRICATION,0.475792349726776,BEARING,0.38333333333333336,0.09245901639344262,LUBRICATION
